"pid","x1","x2","x3","x4","x5","x6","x7","w1","w2","w3","w4","w5","w6","w7","group"
1403,.,.,-0.824345557416179,-0.439158277349713,-0.383107172277516,0.258833842900217,.,.,.,0.190372169714501,0.16973726719929,0.520653026053083,0.207341615742695,.,-0.267545276605962
1174,1.48882467519846,.,0.344069661701511,1.81825177844284,0.618812477362951,1.04005124068046,1.2478152369466,1.96866009854321,.,3.20703885903659,3.47961397758545,2.75461775411806,2.69544100465503,0.941287952795905,1.52561796484385
2516,0.53054072172732,-1.2248688720035,0.344069661701511,-0.302345546695619,-0.62165946981096,0.0184592589678341,0.258459715545789,1.95335963145609,0.516371898249209,2.03063647695468,1.56621205642982,2.57299460549489,1.53323668483414,1.08336915321793,-0.292065688438637
257,.,.,.,-0.0971264507144785,0.952785693909772,.,.,.,.,.,0.100299294254126,0.220974830824855,.,.,0.174673533170262
2203,.,.,0.523825849258079,0.723749933210086,-0.430817631784206,0.559302072815694,.,.,.,0.36610032637404,0.412770172507365,0.602383442933509,0.256448840523859,.,0.147106885113643
3698,0.21111273723694,.,-2.26239505786872,0.723749933210086,-1.05105360537116,0.559302072815694,.,0.30090918604676,.,0.893284796352658,0.362620525380302,1.0201166847668,0.169147107579567,.,-0.915839718259554
1685,.,.,0.523825849258079,-0.165532816041525,0.952785693909772,.,.,.,.,0.224541533509411,0.123445285235847,0.351138087338126,.,.,0.296084550230624
775,-1.06659920072458,1.06803264132316,1.87199725593234,0.518530837228945,1.42989028897666,-1.42378824462646,-0.558668622832474,1.16793565431709,0.500957811734307,2.12826323065442,2.40718306209903,2.16736957356981,3.1919696107757,3.90723301160564,0.595281051046817
2842,.,.,2.14163153726719,0.244905375920757,-0.0968444152373831,-0.0416343870152616,.,.,.,1.01531823847734,0.478350480288909,1.09579299669312,0.327381498541097,.,0.591586812204404
4011,0.849968706217699,.,0.164313474144943,1.06578175984532,-0.335396712770828,-0.34210261693074,0.603457385007355,0.443713545526578,.,0.302642936469206,0.343332199562201,0.478274291374344,0.261905198832878,0.27528232581767,0.240185511689481
1275,0.53054072172732,.,-2.17251696409044,-0.439158277349713,-2.14839417402501,-0.522383554880028,.,0.244807473393974,.,0.781014029597952,0.474492815125289,1.09579299669312,0.611112130610048,.,-1.56511037511143
1811,.,.,0.0744353803666589,0.792156298537134,1.95470534355024,.,.,.,.,0.356337651004066,0.196740923344632,0.348111034861073,.,.,0.624398999697068
3039,-1.62559817358274,1.29732279265582,2.0517534434889,1.40781358648056,1.76386350552348,0.318927488883311,1.01256485761296,1.74425324793207,1.333318483539,1.51321468234603,2.41875605758989,1.13817173137186,2.54811933031154,3.25898753468016,1.46643563979365
930,0.690254713972509,.,1.5124848808192,1.88665814376989,1.7161530460168,0.0184592589678341,0.54641052627749,1.09143331888147,.,2.53829559619335,1.85939460886495,2.20369420329445,0.867560971133907,0.85248720253214,1.96966479418843
1624,0.929825702340294,1.41196786832215,-2.26239505786872,0.997375394518275,-0.00142349622400392,-0.34210261693074,-1.84249459596268,3.73331396925811,2.11943689579899,3.34859765190122,2.3068837678449,2.3732091420094,2.43899216413117,1.04784885311242,-0.171333530885674
1632,0.0513987449917504,.,0.433947755479795,1.27100085582646,-1.00334314586447,.,-0.0436169840142611,0.214206539219727,.,0.527184469978618,0.486065810616149,0.826385326235417,.,0.257522175764917,0.0162227284454433
2431,-1.22631319296977,.,-1.72312649519902,-2.62816196781522,-0.860211767344405,-0.34210261693074,0.163381617662679,0.295809030351052,.,1.12270766754706,0.709810390106123,0.826385326235417,0.327381498541097,0.230881950685788,-1.75452723505134
3225,1.24925368683067,.,-1.45349221386417,0.313311741247805,-0.192265334250761,0.739583010764983,.,0.362111054395254,.,0.605285872938413,0.690522064288022,0.75373606678615,0.201885257433676,.,-0.137040655349359
3396,.,.,1.15297250570606,0.723749933210086,-0.573949010304273,.,.,.,.,0.390507014798976,0.227602244653594,0.478274291374344,.,.,0.141462159946699
1905,-1.30617018909236,.,1.24285059948435,0.586937202555992,0.523391558349573,0.679489364781885,-1.49423710600227,1.25463830114412,.,2.0208738015847,2.3068837678449,1.60131076036094,1.26041876938322,0.248642100738541,0.651782606926625
777,-0.268029239498629,.,-0.644589369859612,-0.98640919996609,-2.29152555254507,0.379021134866407,0.0655870026971951,1.19343643279562,.,1.61084143604578,1.40804778472139,1.56801318311336,1.42410951865377,0.381843226134188,-1.37068700572065
1258,0.450683725604725,.,-1.09397983875103,-0.0971264507144785,-1.24189544339792,0.559302072815694,-0.0702388514215321,0.489614946787948,.,1.34236786337148,0.759960037233186,1.13211762641775,0.616568488919066,0.470643976397952,-0.754614552963273
2211,-1.46588418133755,.,-0.285076994746477,-1.39684739192837,-1.43273728142467,-0.0416343870152616,.,0.183605605045481,.,0.327049624894143,0.509211801597871,0.572112918162981,0.234623407287786,.,-1.02628613016518
4203,-0.747171216234196,.,1.15297250570606,0.381718106574852,0.237128801309439,-0.76275813881241,.,0.489614946787948,.,0.73220065274808,0.574792109379415,0.502490711190766,0.240079765596804,.,0.292867399839907
4317,-0.268029239498629,.,2.0517534434889,1.6130326824617,1.00049615341646,0.4992084268326,.,0.214206539219727,.,1.61084143604578,0.682806733960782,1.01103552733564,0.240079765596804,.,1.58176792462563
3145,.,.,0.793460130592929,-0.0287200853874305,-0.287686253264139,.,.,.,.,0.312405611839181,0.100299294254126,0.272434722934753,.,.,0.062992579250762
816,-0.747171216234196,.,1.15297250570606,0.518530837228945,0.475681098842884,1.9414559304269,1.5292464066806,0.851726001183202,.,1.72311220280048,1.20744919621313,1.17449636109649,0.92212455422409,0.630485326872729,0.863635413488637
2845,-1.14645619684717,.,-0.015442713411625,0.450124471901898,-0.383107172277516,-1.18341366069408,0.142192784420159,0.622218994876351,.,2.0599245030646,1.74366465395635,2.15223431118455,1.46776038512592,0.745926302215623,-0.23294992303802
4472,.,.,-0.914223651194463,-2.28613014117998,-1.76671049797149,-0.943039076761698,.,.,.,0.551591158403554,0.316328543416859,0.417733241833288,0.245536123905823,.,-1.26312036939184
589,1.48882467519846,0.609452338657825,-1.45349221386417,-0.712783738657901,0.809654315389707,-0.76275813881241,1.81013427299813,1.39744266062394,0.308281730298035,1.25450378504171,1.29231782981278,1.69514938714957,0.971231779005255,1.12776952834981,-0.0499883769959837
1494,.,.,-2.71178552676014,0.0396862799396166,-2.72091968810527,0.61939571879879,.,.,.,0.463727080073784,0.235317574980834,0.590275233025298,0.283730632068951,.,-1.40840894487964
3907,.,.,-0.734467463637896,-2.01250467987179,-0.764790848331027,.,.,.,.,0.771251354227978,0.378051186034783,0.451030819080869,.,.,-0.960293692176225
2723,2.12768064417922,.,-0.195198900968193,0.0396862799396166,0.714233396376329,-1.12332001471098,0.209019104646572,2.41747379976549,.,3.42181771717603,3.54133662020338,3.85646485576528,2.2098251151524,0.985688327927787,0.318911269095852
2217,-1.06659920072458,0.0362269603261602,-0.105320807189908,-0.644377373330854,-1.14647452438454,0.198740196917121,0.915313546063954,0.73952257587763,0.246625384238428,1.23985977198675,0.82554034501473,1.25622677797692,0.480159531193609,0.470643976397952,-0.769297095523112
3988,.,.,0.703582036814646,-1.26003466127428,-0.144554874744071,.,.,.,.,0.312405611839181,0.339474534398581,0.457084924034974,.,.,-0.310508789552611
937,0.131255741114345,.,0.254191567923227,1.27100085582646,-0.430817631784206,-3,-0.955280116859159,0.561017126527858,.,0.702912626638157,1.18044554006779,0.481301343851397,2.6572464964919,1.06560900316518,-0.734782804407451
1385,0.849968706217699,0.724097414324157,-0.015442713411625,-0.0971264507144785,0.809654315389707,-0.101728032998357,1.51783703493463,1.46884484036385,1.50287343520292,2.02575513926969,1.84782161337409,2.3156951449454,1.2822442026193,1.18993005353445,0.43693090637584
1490,0.131255741114345,-0.880933645004501,-1.09397983875103,0.0396862799396166,1.33446936996328,-0.642570846846219,-0.968319398854557,1.02003113914156,0.716755022942932,1.17152104439693,0.605653430688377,1.43179582164598,0.9548627040782,1.21657027861358,0.0619864316324276
896,-0.268029239498629,.,0.523825849258079,-0.644377373330854,-0.573949010304273,-1.42378824462646,-0.225623628533355,0.657920084746306,.,0.741963328118055,0.763817702396806,0.844547641097734,1.33680778570948,0.515044351529835,-0.681242955714668
1062,.,.,.,0.450124471901898,-0.335396712770828,.,.,.,.,.,0.115729954908607,0.166487886237905,.,.,-0.00481176413134937
1239,.,.,-0.914223651194463,-0.0971264507144785,-0.192265334250761,.,.,.,.,0.273354910359283,0.189025593017391,0.296651142751175,.,.,-0.209509975200845
1141,0.0513987449917504,.,0.883338224371214,-0.370751912022666,-0.764790848331027,-0.0416343870152616,.,0.168305137958357,.,0.634573899048336,0.567076779052174,0.980765002565111,0.218254332360731,.,-0.297471500448234
1035,.,.,.,0.0396862799396166,0.523391558349573,.,.,.,.,.,0.0964416290905059,0.151352623852641,.,.,0.0709230848399544
2689,1.32911068295327,0.609452338657825,1.15297250570606,1.95506450909693,0.571102017856262,0.138646550934026,-0.631471280640112,1.53514686440805,0.516371898249209,1.77680691733534,1.82853328755599,2.07353094678117,1.98065806617364,1.03896877808605,1.38507582550787
951,.,.,0.523825849258079,-0.302345546695619,-0.66936992931765,.,.,.,.,0.600404535253426,0.281609556944277,0.481301343851397,.,.,-0.147458070075602
2086,0.690254713972509,-0.651643493671836,1.33272869326263,0.997375394518275,0.761943855883017,-0.402196262913836,1.75471732451769,0.984330049271605,0.462422595447053,0.829827406447824,1.16887254457693,0.856655851005945,1.04216443702249,0.630485326872729,0.861106330762279
4318,-0.268029239498629,-3,0.164313474144943,-1.12322193062018,-1.57586865994474,-2.68575481027147,0.242703916468017,1.53004670871234,0.69363389317058,1.33748652568649,1.15729954908607,1.52563444843462,0.720239296790414,0.710406002110117,-1.43534881796741
3040,0.53054072172732,-0.536998418005504,0.703582036814646,-0.439158277349713,-0.573949010304273,2.36211145230857,0.19652312606765,1.12713440875142,0.762997282487638,2.16731393213432,1.43890910603035,1.65579770494789,0.982144495623291,1.03008870305967,0.0808638035544196
2001,0.37082672948213,.,-0.105320807189908,0.450124471901898,0.905075234403085,0.859770302731173,.,0.357010898699546,.,1.50345200697606,0.844828670832831,1.15027994128007,0.436508664721463,.,0.479242388935423
1608,.,.,0.883338224371214,.,0.66652293686964,.,.,.,.,0.195253507399488,.,0.354165139815179,.,.,0.311736698083489
2047,0.21111273723694,0.265517111658826,0.613703943036361,0.381718106574852,-0.0968444152373831,-0.822851784795506,1.50805757343808,0.912927869531695,0.323695816812937,0.756607341173016,1.11486523228625,0.847574693574787,1.51141125159806,0.85248720253214,0.11296886978904
2000,2.92625060540516,0.724097414324157,0.523825849258079,0.928969029191227,1.57302166749673,1.34051947059594,1.98888109701837,3.31000104651436,1.39497482959861,5.74045311754495,4.74492815125289,4.54360576805627,2.84821903730754,1.33201125395647,1.70111652973518
1101,.,.,-2.71178552676014,-0.781190103984948,-1.19418498389123,-0.642570846846219,0.602370778174406,.,.,1.2984358242066,0.578649774543035,1.37730887705903,0.327381498541097,0.27528232581767,-1.63086563203212
1850,-0.986742204601981,.,-0.644589369859612,-0.712783738657901,-0.62165946981096,.,.,0.249907629089682,.,0.263592234989309,0.246890570471695,0.56000470825477,.,.,-0.524373908802952
1471,.,.,.,-0.575971008003807,-0.0968444152373831,.,.,.,.,.,0.142733611053949,0.202812515962538,.,.,-0.127605881618312
2568,-0.427743231743817,.,-0.464833182303043,0.723749933210086,1.09591707242984,0.4992084268326,-1.3008210897372,1.33114063657973,.,1.54738404614094,1.30774849046726,1.51049918604935,1.14037888658482,0.346322926028682,0.481486573271794
4337,.,.,0.254191567923227,.,-0.955632686357783,.,.,.,.,0.20989752045445,.,0.133190308990324,.,.,-0.0890004319653654
2800,0.610397717849914,0.265517111658826,-0.824345557416179,1.27100085582646,-0.287686253264139,0.0785529049509282,-1.37742687146016,1.91255838589042,0.462422595447053,3.5487324969857,2.5923509899528,3.24802730787767,1.67510200086861,1.13664960337619,0.126654118842254
3839,-0.188172243376034,-0.536998418005504,-1.36361412008588,-0.165532816041525,-1.38502682191798,-0.522383554880028,-2.17825610734418,0.989430204967312,1.76491290595625,1.68406150132058,1.60478870806602,1.92520537540559,0.654762997082194,0.630485326872729,-1.17162395635525
3736,.,.,-1.36361412008588,0.108092645266664,-1.86213141698487,.,.,.,.,0.346574975634091,0.219886914326353,0.420760294310341,.,.,-0.759457144516999
410,-0.827028212356791,-0.193063191006506,0.254191567923227,0.17649901059371,-0.907922226851094,-1.78435012052504,-0.419039644798423,0.382511677178085,0.269746514010781,0.317286949524168,0.578649774543035,0.678059754859829,1.08035894518562,1.40305185416748,-0.720395801023661
2058,1.08953969458548,0.380162187325159,-0.195198900968193,0.997375394518275,0.0462869632826837,2.18183051435928,0.240530702802116,2.16246601498011,0.924845190894106,1.15687703134197,2.05227786704596,1.61341897026915,2.05159072419087,1.30537102887734,1.01437571471466
2683,1.08953969458548,.,-0.015442713411625,-0.0287200853874305,-0.907922226851094,0.919863948714268,-2.57541090478734,0.499815258179364,.,1.01043690079235,0.671233738469921,1.1351446788948,0.458334097957536,0.337442851002305,-0.322554183283536
4398,1.96796665193403,2.09983832232015,2.41126581860204,0.723749933210086,2.38409947911044,0.258833842900217,0.195979822651174,3.74861443634523,2.95179756760369,4.24188244825388,5.43930788070453,4.36500967191015,3.18651325246668,2.93042475870423,2.15131155812581
2585,-2.10474015031831,.,0.523825849258079,-0.644377373330854,-0.62165946981096,-0.462289908896932,0.646921658325349,0.984330049271605,.,2.12826323065442,1.86325227402857,1.74358222678242,1.38045865218163,0.364083076081435,-0.622954124839381
3279,.,.,-1.36361412008588,-1.94409831454475,-0.383107172277516,-1.60406918257575,.,.,.,0.361218988689053,0.381908851198403,0.414706189356235,0.332837856850115,.,-1.02369974581822
1112,.,.,0.433947755479795,0.792156298537134,1.57302166749673,.,.,.,.,0.327049624894143,0.189025593017391,0.230055988256014,.,.,0.481282043928199
1344,.,.,0.0744353803666589,.,-0.192265334250761,.,.,.,.,0.165965481289565,.,0.24821830311833,.,.,-0.0354676783411283
3278,0.290969733359537,.,-2.26239505786872,-1.32844102660132,-0.526238550797582,0.318927488883311,.,0.413112611352332,.,0.253829559619335,0.385766516362023,0.420760294310341,0.534723114283792,.,-0.664015440287311
938,-0.747171216234196,1.18267771698949,0.164313474144943,1.06578175984532,-0.287686253264139,-0.0416343870152616,0.183483844072251,1.54024702010375,2.56644540473114,1.78656959270532,2.52291301700763,2.40953377173404,1.75694737550389,1.47409245437849,0.441464959102744
1600,.,.,0.793460130592929,0.17649901059371,0.618812477362951,.,.,.,.,0.24406688424936,0.108014624581367,0.211893673393697,.,.,0.235124627850018
2002,0.929825702340294,.,0.344069661701511,1.54462631713465,0.0939974227893726,0.198740196917121,-0.245725854942927,1.07103269609864,.,1.40094391559133,0.960558625741438,0.802168906418995,1.16766067812991,0.666005626978235,0.765901272037985
4046,.,.,.,-1.46525375725542,.,.,.,.,.,.,0.108014624581367,.,.,.,-0.227661734771422
1738,-1.62559817358274,-1.45415902333617,-0.734467463637896,-0.165532816041525,-1.48044774093136,0.379021134866407,-0.183245962048312,1.15773534292567,0.793825455517441,1.07877562838217,1.86325227402857,1.95244884769906,1.14583524489384,1.16328982845532,-1.02812573022394
2309,-0.268029239498629,0.380162187325159,1.24285059948435,0.928969029191227,-1.19418498389123,0.138646550934026,-0.870524783889073,1.55044733149517,0.362231033100192,1.45463863012619,1.97126689860994,1.92823242788264,2.15526153206222,1.66945410495877,0.110982221183543
559,.,.,-0.464833182303043,0.0396862799396166,0.0462869632826837,.,.,.,.,0.15620280591959,0.127302950399468,0.136217361467376,.,.,-0.0484561496177227
135,.,.,.,0.65534356788304,1.38217982946997,.,.,.,.,.,0.150448941381189,0.38746271706276,.,.,0.523913527899056
3441,-0.827028212356791,.,0.344069661701511,-0.0971264507144785,-0.239975793757449,1.52080040854523,.,0.178505449349773,.,0.668743262843247,0.744529376578705,1.44390403155419,0.31646878192306,.,-0.0691912537889679
1460,.,.,.,0.586937202555992,0.284839260816128,.,.,.,.,.,0.173594932362911,0.481301343851397,.,.,0.1869401451186
1736,0.690254713972509,-3,-3,-1.26003466127428,-0.335396712770828,-0.101728032998357,-0.724376164857322,0.775223665747585,0.485543725219406,1.50833334466105,1.77452597526531,1.87677253577274,1.04762079533151,0.85248720253214,-1.48435995810613
183,0.690254713972509,.,0.164313474144943,-0.233939181368572,-0.0968444152373831,.,.,0.351910743003838,.,0.297761598784219,0.231459909817214,0.314813457613492,.,.,-0.00643012574965819
1610,.,.,1.24285059948435,-0.50756464267676,-0.955632686357783,1.16023853264665,.,.,.,0.585760522198464,0.405054842180125,1.04130605210617,0.229167048978768,.,-0.301199999566894
2543,0.690254713972509,.,0.703582036814646,0.17649901059371,-0.00142349622400392,1.8813622844438,0.611063632838004,0.958829270793066,.,1.87931500872007,1.72823399330186,1.92823242788264,1.21131154460206,0.825846977453011,0.508843050063806
3050,.,.,-1.18385793252931,-1.94409831454475,0.380260179829506,0.559302072815694,.,.,.,0.839590081817799,0.563219113888554,0.632653967704037,0.283730632068951,.,-0.820458324167864
4323,-0.747171216234196,.,0.973216318149497,-0.849596469311996,-1.48044774093136,-0.34210261693074,-0.515204349514483,0.73952257587763,.,1.08365696606716,0.729098715924224,0.708330279630358,0.321925140232079,0.319682700949553,-0.576125865369904
3124,.,.,-0.374955088524761,0.586937202555992,0.571102017856262,.,.,.,.,0.341693637949104,0.266178896289796,0.302705247705281,.,.,0.173265045215628
52,-1.30617018909236,.,-0.105320807189908,0.0396862799396166,-2.00526279550494,-0.76275813881241,.,0.173405293654065,.,0.429557716278874,0.339474534398581,0.629626915226984,0.174603465888585,.,-0.817637318296333
3721,0.450683725604725,.,-0.285076994746477,-0.849596469311996,-0.0968444152373831,-0.462289908896932,0.00636693030143141,0.453913856917994,.,1.13247034291703,0.756102372069566,1.06249541944554,0.556548547519865,0.488404126450705,-0.428211172789688
3588,-0.587457223989008,-3,-1.54337030764245,-0.918002834639043,-0.478528091290893,-0.282008970947645,0.223688296891395,0.790524132834708,0.724462066200383,0.761488678858003,1.08400391097729,1.5589320256822,0.88938640436998,0.461763901371576,-1.08232932997782
360,-0.906885208479386,-0.766288569338169,1.5124848808192,1.27100085582646,0.952785693909772,1.64098770051142,-0.992768052595927,0.637519461963474,0.470129638704504,1.54250270845596,2.11785817482751,1.51655329100346,1.18402975305697,0.719286077136493,1.31965140241323
4505,0.290969733359537,0.265517111658826,0.254191567923227,-0.644377373330854,0.141707882296062,0.859770302731173,-1.04057875324572,1.03023145053297,0.354523989842741,1.29355448652161,1.22287985686761,1.00498142238153,0.703870221863359,0.346322926028682,-0.124372966532102
168,.,.,-0.015442713411625,.,-0.00142349622400392,.,.,.,.,0.141558792864629,.,0.139244413944429,.,.,-0.00091935862549696
4536,0.690254713972509,.,0.433947755479795,0.723749933210086,2.24096810059037,0.379021134866407,.,0.387611832873792,.,0.517421794608643,0.582507439706655,0.590275233025298,0.212797974051713,.,0.979717297771763
892,-1.54574117746014,.,-0.914223651194463,-1.94409831454475,-2.57778830958521,-0.462289908896932,.,0.142804359479818,.,0.69803128895317,0.366478190543922,0.796114801464889,0.261905198832878,.,-1.71967829534653
3729,.,.,.,0.65534356788304,-1.57586865994474,.,.,.,.,.,0.15816427170843,0.124109151559165,.,.,-0.0815590942724413
1760,0.929825702340294,0.150872035992493,0.164313474144943,0.381718106574852,0.905075234403085,2.00154957640999,-0.204978098707309,2.12676492511015,0.840067715062146,1.93789106093992,2.40332539693541,2.21580241320266,1.27133148600126,1.17216990348169,0.805336838120399
1743,.,.,-0.285076994746477,0.0396862799396166,0.0939974227893726,.,.,.,.,0.205016182769462,0.246890570471695,0.420760294310341,.,.,-0.0130334188134831
2096,.,.,-0.195198900968193,1.13418812517237,1.09591707242984,.,.,.,.,0.24406688424936,0.262321231126176,0.284542932842964,.,.,0.45287762739187
2588,-0.347886235621222,.,0.164313474144943,1.40781358648056,-1.52815820043805,0.198740196917121,0.102531635017489,1.570847954278,.,2.88975190951242,3.2597270632591,2.11288262898286,2.16071789037124,0.630485326872729,0.319003367294031
1563,.,.,0.613703943036361,.,0.618812477362951,.,.,.,.,0.141558792864629,.,0.287569985320017,.,.,0.222012574884168
127,-0.427743231743817,0.724097414324157,1.69224106837577,-0.302345546695619,1.33446936996328,0.318927488883311,-1.25681351300273,1.05063207331581,0.315988773555486,2.27958469888902,1.2768871691583,1.74358222678242,0.714782938481395,0.515044351529835,0.903844011747302
4242,-1.38602718521496,.,0.254191567923227,0.313311741247805,0.141707882296062,0.679489364781885,-1.10142873589091,0.387611832873792,.,1.17152104439693,1.00685060770488,0.8082230113731,0.562004905828883,0.222001875659411,0.15816243542333
452,-1.22631319296977,.,-0.374955088524761,-1.12322193062018,-0.0491339557306942,-0.282008970947645,-0.318528512750565,0.311109497438176,.,0.912810147092607,0.455204489307188,0.802168906418995,0.709326580172377,0.248642100738541,-0.517337075949687
3807,0.53054072172732,.,-0.195198900968193,0.381718106574852,1.47760074848335,-0.0416343870152616,.,0.13770420378411,.,0.370981664059027,0.378051186034783,0.375354507154548,0.185516182506622,.,0.397258192584816
3267,.,.,-1.09397983875103,-1.46525375725542,0.141707882296062,.,.,.,.,0.180609494344526,0.131160615563088,0.251245355595383,.,.,-0.298746912350781
2565,1.96796665193403,1.75590309532115,0.613703943036361,0.518530837228945,0.952785693909772,1.70108134649451,0.656701119821897,3.09579450729463,2.08860872276919,3.10941210533685,4.57133321888998,4.11981842126888,3.59574012564305,3.08138603415263,1.33155485391002
2088,.,.,-0.105320807189908,0.108092645266664,0.618812477362951,.,.,.,.,0.15620280591959,0.173594932362911,0.24821830311833,.,.,0.11829737951526
188,-0.986742204601981,-1.68344917466883,-3,-1.26003466127428,-0.239975793757449,-2.38528658035599,-0.61788869522824,0.999630516358728,2.25816367443311,1.23497843430176,2.16415015679095,1.77082569907589,2.04067800757284,2.12233793130397,-1.96761428537849
4491,.,.,-0.554711276081327,-0.50756464267676,-0.0968444152373831,.,.,.,.,0.126914779809667,0.104156959417746,0.151352623852641,.,.,-0.131563235389946
2784,-0.827028212356791,0.265517111658826,1.15297250570606,0.723749933210086,0.857364774896396,-1.48388189060956,-2.24345251732117,1.06593254040293,0.339109903327839,1.54250270845596,1.82853328755599,1.81925853870874,2.83184996238049,1.79377515532804,0.156919841109513
2974,.,.,0.164313474144943,0.313311741247805,0.475681098842884,.,.,.,.,0.146440130549616,0.15816427170843,0.202812515962538,.,.,0.132603480259332
385,-3,0.724097414324157,-0.824345557416179,-2.49134923716112,-2.62549876909189,-2.74584845625457,-0.290820038510345,1.64225013401791,1.21000579141979,1.57179073456588,2.23358812973612,1.90401600806622,2.00793985771873,1.3941717791411,-3.03347161776175
3216,-0.747171216234196,0.609452338657825,1.24285059948435,-0.712783738657901,1.00049615341646,.,-0.453811063452818,1.02003113914156,0.308281730298035,0.932335497832556,0.771533032724047,0.668978597428671,.,0.568324801688094,0.114727718087457
4193,1.96796665193403,1.29732279265582,-0.285076994746477,0.723749933210086,-1.00334314586447,0.859770302731173,-0.511944529015633,1.88705760741188,1.32561144028155,2.97273465015721,3.15557010384135,2.3732091420094,2.29167048978768,1.50073267945762,0.297037432575785
192,-1.30617018909236,.,-2.17251696409044,-2.01250467987179,-1.81442095747818,-0.34210261693074,.,0.13770420378411,.,1.11294499217708,0.258463565962556,0.520653026053083,0.218254332360731,.,-1.73467047265412
87,.,.,0.883338224371214,0.381718106574852,-0.192265334250761,.,.,.,.,0.400269690168951,0.239175240144455,0.339029877429915,.,.,0.182589913371195
878,.,.,1.06309441192778,0.313311741247805,0.141707882296062,.,.,.,.,0.263592234989309,0.173594932362911,0.208866620916644,.,.,0.217428893659561
4082,0.0513987449917504,.,0.0744353803666589,0.0396862799396166,-0.00142349622400392,-0.161821678981453,.,0.168305137958357,.,0.136677455179642,0.181310262690151,0.336002824952862,0.15823439096153,.,-0.0169886674877969
610,0.53054072172732,.,0.523825849258079,-0.165532816041525,1.33446936996328,-0.161821678981453,-1.94517894167644,0.499815258179364,.,0.649217912103298,0.570934444215795,0.92627805797816,0.562004905828883,0.603845101793599,0.423516477478415
746,0.690254713972509,.,0.973216318149497,1.54462631713465,-0.383107172277516,-1.00313272274479,0.623559611416927,0.443713545526578,.,0.82006473107785,0.783106028214908,0.750709014309097,0.458334097957536,0.3019225508968,0.61242980823813
2671,0.849968706217699,.,-0.554711276081327,-0.439158277349713,-0.192265334250761,-0.221915324964549,-2.69004792566354,0.90272755814028,.,1.80121360576028,1.82853328755599,1.8858536932039,1.36408957725457,0.284162400844047,-0.456327346490755
3592,-1.06659920072458,.,-2.26239505786872,-0.712783738657901,0.284839260816128,-0.34210261693074,0.416561009739987,0.224406850611143,.,0.761488678858003,0.82554034501473,1.09882004917017,0.747521088335505,0.737046227189246,-0.639056571809761
3712,.,.,0.164313474144943,0.313311741247805,0.714233396376329,1.04005124068046,.,.,.,0.346574975634091,0.428200833161846,0.357192192292232,0.272817915450914,.,0.328629084409855
3071,0.610397717849914,-1.2248688720035,0.344069661701511,2.09187723975103,1.95470534355024,0.739583010764983,0.69690557264104,1.59124857706083,0.300574687040584,3.25097089820148,2.03298954122786,2.16131546861571,1.55506211807021,0.719286077136493,1.73677455230574
3584,.,.,-0.374955088524761,0.0396862799396166,0.237128801309439,.,.,.,.,0.161084143604578,0.181310262690151,0.263353565503594,.,.,0.00600631068601445
2499,.,.,.,-0.98640919996609,0.857364774896396,.,.,.,.,.,0.127302950399468,0.24821830311833,.,.,0.0368197946868917
710,-2.50402513093128,-0.307708266672838,-0.015442713411625,1.20259449049942,1.33446936996328,-1.96463105847432,-1.06774392406946,1.05063207331581,0.4393014656747,1.26426646041169,0.906551313450755,0.787033644033731,1.33135142740046,1.33201125395647,-0.157198961120538
393,0.929825702340294,.,0.344069661701511,-0.233939181368572,-2.00526279550494,1.04005124068046,.,0.178505449349773,.,0.263592234989309,0.351047529889441,0.596329337979404,0.185516182506622,.,-0.643344806604388
715,0.450683725604725,0.724097414324157,2.23150963104547,1.27100085582646,1.2867589104566,0.739583010764983,1.29453933076344,0.69362117461626,0.43159442241725,1.97206042473483,1.95583623795546,1.48325571375588,0.682044788627285,1.6605740299324,1.7787704680716
3341,-1.14645619684717,0.265517111658826,0.433947755479795,0.381718106574852,-0.955632686357783,-0.943039076761698,0.268782480458812,0.69362117461626,0.26203947075333,0.673624600528234,0.837113340505591,0.626599862749932,1.09127166180366,0.905767652690399,-0.319273997486431
1919,.,.,-0.015442713411625,.,0.0939974227893726,.,.,.,.,0.248948221934347,.,0.142271466421482,.,.,0.011198661938458
1830,1.08953969458548,.,-2.352273151647,-0.98640919996609,0.427970639336195,-1.06322636872789,.,0.3927119885695,.,1.13735168060202,0.574792109379415,0.611464600364668,0.289186990377969,.,-0.981744671940626
2569,-0.667314220111601,0.83874248999049,-0.374955088524761,-0.233939181368572,0.0939974227893726,0.318927488883311,0.316049877692129,0.433513234135163,0.339109903327839,1.15687703134197,2.31845676333576,1.79201506641526,0.812997388043724,0.399603376186941,-0.199422011505827
3617,.,.,-1.72312649519902,-3,-0.62165946981096,-0.402196262913836,.,.,.,0.175728156659539,0.185167927853771,0.363246297246337,0.174603465888585,.,-0.87070114388454
3477,.,.,-0.285076994746477,0.997375394518275,-1.00334314586447,.,.,.,.,0.292880261099232,0.250748235635315,0.354165139815179,.,.,-0.0928831978631144
4197,.,.,-0.464833182303043,-0.50756464267676,-1.43273728142467,1.40061311657903,.,.,.,0.473489755443759,0.374193520871163,0.56000470825477,0.501984964429682,.,-0.472365252729239
2861,0.849968706217699,0.953387565656822,-1.99276077653387,-0.712783738657901,0.380260179829506,-1.78435012052504,-0.590723524404494,6.08958590067511,3.59148215797211,2.92880261099232,5.07282969016061,3.65062528732569,4.93800426966155,4.59987886366301,-0.794839018748484
2009,.,.,-0.285076994746477,-0.0971264507144785,0.475681098842884,-1.06322636872789,.,.,.,0.356337651004066,0.16973726719929,0.254272408072436,0.22371069066975,.,-0.0774953233113588
1264,-0.188172243376034,0.265517111658826,0.703582036814646,-0.918002834639043,-1.09876406487785,-0.8829454307786,0.013429874715605,0.953729115097358,0.254332427495879,1.75240022891041,1.28074483432192,1.06552247192259,0.851191896206852,0.399603376186941,-0.616735129033768
3142,.,.,-1.18385793252931,-0.918002834639043,-1.28960590290461,.,.,.,.,0.200134845084475,0.208313918835493,0.287569985320017,.,.,-0.616068855146737
814,0.0513987449917504,-1.68344917466883,1.33272869326263,0.17649901059371,0.952785693909772,0.679489364781885,-0.133805351149096,3.10599481868605,1.7572058626988,4.33462786426864,4.75264348158013,3.86251896071939,2.6572464964919,1.82041538040717,0.703986899587269
1522,-0.268029239498629,.,-0.374955088524761,-0.575971008003807,-0.00142349622400392,-1.60406918257575,.,0.260107940481098,.,0.449083067018823,0.424343167998226,0.65687038752046,0.256448840523859,.,-0.36625464555705
540,0.929825702340294,0.953387565656822,0.344069661701511,0.313311741247805,0.189418341802751,1.28042582461284,-0.756974369845816,1.16793565431709,0.762997282487638,1.47416398086614,1.72437632813824,1.45903929393945,1.34772050232752,0.932407877769528,0.508877234803573
473,1.48882467519846,0.953387565656822,1.06309441192778,0.381718106574852,0.475681098842884,0.0184592589678341,0.395915479913941,1.23423767836129,0.562614157793915,1.4497572924412,1.73209165846549,2.52456176586204,1.7296655839588,1.17216990348169,0.705160012995865
1302,0.0513987449917504,.,-0.554711276081327,0.792156298537134,0.523391558349573,0.439114780849504,.,0.183605605045481,.,0.898166134037645,0.563219113888554,0.790060696510783,0.441965023030481,.,0.271170188489946
3662,-1.38602718521496,.,-0.914223651194463,0.244905375920757,-1.52815820043805,0.198740196917121,-0.169120073219965,0.744622731573338,.,1.54738404614094,0.748387041742325,1.54985086825104,0.409226873176371,0.541684576608964,-1.04821000046298
4336,.,.,0.164313474144943,0.17649901059371,0.141707882296062,.,.,.,.,0.15620280591959,0.231459909817214,0.257299460549489,.,.,0.0596613241347178
1909,0.690254713972509,.,-0.464833182303043,1.95506450909693,0.66652293686964,0.198740196917121,0.350277992930048,0.836425534096079,.,2.05504316537961,2.31845676333576,1.80412327632347,1.05307715364053,0.4528838263452,1.13900296184123
885,.,.,0.793460130592929,-2.21772377585294,-0.335396712770828,.,.,.,.,0.390507014798976,0.293182552435138,0.408652084402129,.,.,-0.501500027490615
4207,.,.,-0.285076994746477,0.792156298537134,-0.335396712770828,0.318927488883311,.,.,.,0.317286949524168,0.297040217598758,0.526707131007189,0.196428899124658,.,0.0316088025303478
2882,1.48882467519846,0.265517111658826,-0.374955088524761,0.450124471901898,-0.860211767344405,0.198740196917121,-0.569534691161973,3.2691998009487,1.3487325700539,3.2802589243114,5.5087458536497,5.05517763667819,4.91617883642547,2.10457778125122,-0.0426747425353354
1301,.,.,1.15297250570606,0.792156298537134,0.809654315389707,-0.221915324964549,.,.,.,0.546709820718567,0.354905195053062,0.490382501282555,0.174603465888585,.,0.638870799497128
521,.,.,0.433947755479795,0.723749933210086,0.0462869632826837,.,.,.,.,0.287998923414245,0.223744579489974,0.217947778347802,.,.,0.207624207708856
2615,0.690254713972509,.,0.0744353803666589,1.06578175984532,2.52723085763051,-0.8829454307786,.,0.923128180923111,.,1.44487595475621,1.39647478923052,1.46206634641651,0.649306638773176,.,1.3334571518186
524,2.84639360928257,.,2.23150963104547,3,2.76578315516395,3,-2.67700864366815,1.10673378596859,.,2.23077132203915,2.21044213875439,1.61039191779209,1.21131154460206,0.816966902426634,3.38439053521066
3436,1.16939669070808,0.380162187325159,-1.09397983875103,-0.233939181368572,0.857364774896396,1.04005124068046,0.984313079956267,1.4382439061896,0.755290239230187,1.50345200697606,2.3454604194811,2.84240227595259,1.56051847637923,0.515044351529835,0.312197198368445
1611,.,.,0.164313474144943,-1.53366012258247,-1.05105360537116,-1.54397553659265,.,.,.,0.229422871194398,0.227602244653594,0.390489769539813,0.180059824197603,.,-0.682386575659784
4166,0.290969733359537,.,1.60236297459748,1.06578175984532,1.57302166749673,-0.822851784795506,.,0.428413078439455,.,1.78656959270532,0.678949068797161,0.699249122199199,0.245536123905823,.,1.35451814626462
3979,-0.906885208479386,0.494807262991492,-0.105320807189908,0.65534356788304,-0.144554874744071,0.979957594697364,-0.92105200162124,0.708921641703384,0.554907114536464,1.4888079939211,1.21902219170399,1.719365806966,0.676588430318267,0.683765777030987,0.108261019184367
3585,-0.188172243376034,0.609452338657825,-1.00410174497275,-1.73887921856361,-0.478528091290893,0.138646550934026,-2.42654576867321,2.33587130863417,1.35643961331136,2.15266991907936,2.71193861002502,3.16629689099724,2.97917163672398,1.14552967840256,-1.24687146229974
1391,0.849968706217699,-2.60060977999949,1.24285059948435,0.17649901059371,-0.812501307837717,-0.161821678981453,-0.338087435743661,0.688521018920553,0.292867643783134,0.522303132293631,0.694379729451642,0.892980480730579,0.627481205537103,0.310802625923176,-0.120244709946366
3820,0.770111710095104,0.0362269603261602,1.42260678704092,1.33940722115351,1.90699488404355,0.739583010764983,-0.402740542304175,0.989430204967312,0.231211297723527,1.34236786337148,0.945127965086957,1.60131076036094,0.57291762244692,0.710406002110117,1.67234333474174
3483,.,.,-0.464833182303043,0.0396862799396166,0.332549720322817,.,.,.,.,0.375863001744015,0.16587960203567,0.184650201100221,.,.,-0.0567950806175435
2660,.,.,.,-1.32844102660132,1.19133799144322,.,.,.,.,.,0.150448941381189,0.242164198164225,.,.,0.0184535390432655
315,1.32911068295327,.,2.23150963104547,1.74984541311579,2.05012626256362,1.40061311657903,-0.492385606022536,0.770123510051877,.,0.756607341173016,1.20744919621313,2.16736957356981,0.60565577230103,0.905767652690399,2.17459734994965
1834,-2.42416813480869,.,0.0744353803666589,-0.849596469311996,0.571102017856262,-1.72425647454194,0.631709162664051,1.44844421758101,.,1.39118124022135,1.31932148595812,2.2642352528355,1.03670807871347,0.42624360126607,-0.546008105398566
3268,-1.06659920072458,.,-0.464833182303043,-0.50756464267676,-0.335396712770828,-0.822851784795506,.,0.234607162002559,.,0.561353833773528,0.412770172507365,0.584221128071192,0.343750573468152,.,-0.479482683203297
4498,-0.827028212356791,.,.,0.381718106574852,-3,.,.,0.173405293654065,.,.,0.131160615563088,0.239137145687172,.,.,-0.648599649634039
1270,0.37082672948213,.,0.973216318149497,0.313311741247805,0.809654315389707,1.34051947059594,0.989202810704541,0.851726001183202,.,1.14223301828701,0.748387041742325,0.662924492474565,0.627481205537103,0.541684576608964,0.762288588572064
2744,-0.347886235621222,.,-0.374955088524761,-0.370751912022666,-0.383107172277516,0.739583010764983,0.643661837826499,0.770123510051877,.,0.917691484777594,0.81782501468749,0.938386267886371,0.551092189210847,0.257522175764917,-0.339609410759792
3875,.,.,0.523825849258079,-0.849596469311996,-0.478528091290893,.,.,.,.,0.170846818974552,0.104156959417746,0.275461775411806,.,.,-0.163045625346704
3230,.,.,0.254191567923227,.,-0.00142349622400392,.,.,.,.,0.205016182769462,.,0.19373135853138,.,.,0.0352832302243
1984,-0.188172243376034,-0.193063191006506,-0.824345557416179,0.586937202555992,-0.00142349622400392,-0.221915324964549,-0.919422091371815,2.16756617067581,0.716755022942932,5.64282636384521,4.80665079387081,4.22576525796572,2.48264303060332,1.57177327966863,-0.104491800835549
157,0.53054072172732,.,1.15297250570606,-0.370751912022666,1.2867589104566,0.859770302731173,-0.28701691459502,0.632419306267767,.,0.951860848572504,0.779248363051287,0.932332162932266,0.692957505245322,0.222001875659411,0.658037686010612
2466,.,.,-0.914223651194463,.,-1.19418498389123,.,.,.,.,0.131796117494654,.,0.187677253577274,.,.,-0.303378381791084
1904,0.770111710095104,.,1.96187534971062,1.4762199518076,1.00049615341646,1.76117499247761,-0.204434795290835,0.306009341742468,.,1.13735168060202,1.19201853555865,1.25925383045397,0.627481205537103,0.27528232581767,1.5728193837762
2604,0.290969733359537,.,-0.105320807189908,0.928969029191227,0.523391558349573,1.46070676256213,0.34158513826645,0.244807473393974,.,1.42535060401626,1.04542725934108,1.21384804329818,0.425595948103426,0.328562775975929,0.583364537337028
4124,-0.268029239498629,.,1.06309441192778,0.108092645266664,1.14362753193653,-0.101728032998357,.,0.132604048088403,.,0.229422871194398,0.343332199562201,0.44194966164971,0.218254332360731,.,0.399984740660524
1168,0.53054072172732,0.380162187325159,1.87199725593234,0.792156298537134,0.427970639336195,1.58089405452832,0.293774437616658,2.44807473393974,1.07127901278567,2.82629451960759,2.69650794937054,3.21775678310714,2.07887251573597,0.888007502637646,1.22428170045928
2855,0.53054072172732,.,-1.99276077653387,-0.233939181368572,-1.95755233599825,0.4992084268326,-0.688518139369978,1.07613285179434,.,1.76704424196537,1.82467562239237,1.70725759705779,0.976688137314273,0.42624360126607,-1.26324921142932
332,0.610397717849914,.,-0.195198900968193,0.518530837228945,-0.335396712770828,0.799676656748077,.,0.362111054395254,.,0.497896443868695,0.516927131925111,0.696222069722146,0.398314156558335,.,0.0955042943983708
309,-0.188172243376034,.,-0.105320807189908,1.33940722115351,0.714233396376329,-0.462289908896932,.,0.158104826566942,.,0.473489755443759,0.408912507343745,0.82941237871247,0.300099706996006,.,0.536207807207163
1604,.,.,0.254191567923227,0.17649901059371,0.905075234403085,.,.,.,.,0.200134845084475,0.119587620072227,0.293624090274123,.,.,0.257030759483158
1286,-0.347886235621222,.,-0.285076994746477,-2.42294287183408,-0.0968444152373831,0.138646550934026,-0.806414980745033,0.469214324005117,.,0.727319315063093,0.601795765524757,1.04736015706027,0.501984964429682,0.248642100738541,-0.852623133147051
1601,.,.,0.433947755479795,0.0396862799396166,-0.239975793757449,.,.,.,.,0.20989752045445,0.181310262690151,0.493409553759608,.,.,-0.0477238725853477
3658,.,.,0.344069661701511,0.65534356788304,-0.573949010304273,.,.,.,.,0.200134845084475,0.135018280726708,0.202812515962538,.,.,0.0213701563508093
2685,0.37082672948213,.,-0.734467463637896,-0.439158277349713,0.0939974227893726,.,.,0.311109497438176,.,0.527184469978618,0.424343167998226,0.708330279630358,.,.,-0.229674942858626
1726,-1.62559817358274,-0.0784181153401727,-0.464833182303043,0.860562663864181,1.04820661292315,1.58089405452832,-0.859658715559575,1.35664141505827,0.500957811734307,1.22521575893179,2.75051526166123,1.67698707228726,2.44990488074921,2.5663416826228,0.719230906518909
1296,-0.667314220111601,0.83874248999049,-2.71178552676014,-0.370751912022666,-0.335396712770828,1.40061311657903,0.751235914288531,1.79525480488914,1.24083396444959,2.28446603657401,3.61077459314854,2.22791062311087,3.56845833409796,2.6018619827283,-0.548828810980831
1647,.,.,0.254191567923227,-1.19162829594723,-0.0968444152373831,0.61939571879879,.,.,.,0.429557716278874,0.300897882762378,0.726492594492674,0.278274273759932,.,-0.211660687695176
3029,1.32911068295327,.,-0.015442713411625,-0.0287200853874305,0.237128801309439,-0.582477200863123,0.994092541452816,0.428413078439455,.,1.07877562838217,1.03771192901384,1.11395531155543,0.76389016326256,0.506164276503458,0.0648945255944249
4090,.,.,-0.195198900968193,0.17649901059371,-1.05105360537116,.,.,.,.,0.195253507399488,0.138875945890328,0.281515880365911,.,.,-0.251277041322984
948,-0.108315247253437,.,1.15297250570606,-0.370751912022666,0.141707882296062,1.46070676256213,.,0.372311365786669,.,0.795658042652914,0.439773828652707,0.61449165284172,0.31646878192306,.,0.308050554834013
3091,0.37082672948213,-0.0784181153401727,0.0744353803666589,-0.0287200853874305,-0.192265334250761,1.10014488666356,0.446442697646107,0.566117282223565,0.238918340980977,0.966504861627466,1.21130686137675,1.29255140770155,0.927580912533108,0.559444726661717,0.0632353210858499
2867,0.290969733359537,.,-1.99276077653387,0.65534356788304,0.0462869632826837,0.799676656748077,0.66811049156787,0.744622731573338,.,0.717556639693119,0.721383385596984,1.21990214825228,0.649306638773176,0.381843226134188,-0.0179022548492698
3047,0.610397717849914,.,0.344069661701511,1.4762199518076,-0.860211767344405,0.439114780849504,.,0.188705760741188,.,1.62548544910074,0.833255675341971,0.889953428253526,0.207341615742695,.,0.383242746460747
1207,.,.,0.254191567923227,-0.302345546695619,0.523391558349573,.,.,.,.,0.239185546564373,0.181310262690151,0.278488827888859,.,.,0.0758147772108141
3072,-0.268029239498629,.,0.164313474144943,1.06578175984532,-1.33731636241129,-0.522383554880028,.,0.183605605045481,.,0.619929885993375,0.393481846689264,0.405625031925077,0.321925140232079,.,-0.0590043619458522
2850,-0.347886235621222,.,1.24285059948435,-0.370751912022666,0.189418341802751,-0.221915324964549,1.0897139427524,0.749722887269046,.,1.50833334466105,1.51220474413913,2.02509810714833,1.12400981165777,0.364083076081435,0.134090532314827
264,0.290969733359537,0.83874248999049,1.42260678704092,0.928969029191227,0.523391558349573,0.258833842900217,1.72592224344452,0.724222108790507,0.585735287566267,0.473489755443759,0.605653430688377,0.405625031925077,0.229167048978768,0.719286077136493,0.834978391374307
1206,.,.,.,-2.14931741052589,-0.907922226851094,.,.,.,.,.,0.0964416290905059,0.202812515962538,.,.,-0.431616050823858
4362,-0.427743231743817,.,-0.824345557416179,-0.370751912022666,0.237128801309439,-0.462289908896932,.,0.295809030351052,.,0.434439053963861,0.640372417160959,0.726492594492674,0.441965023030481,.,-0.273882683489825
4120,-0.507600227866411,.,-0.195198900968193,0.0396862799396166,-1.00334314586447,0.318927488883311,.,0.173405293654065,.,0.380744339429002,0.316328543416859,0.478274291374344,0.41468323148539,.,-0.305732342284265
1679,.,.,0.433947755479795,-1.39684739192837,-1.19418498389123,.,.,.,.,0.27823624804427,0.204456253671872,0.426814399264446,.,.,-0.569011059504172
4326,-0.747171216234196,.,-0.105320807189908,-0.781190103984948,-1.95755233599825,-1.78435012052504,.,0.127503892392695,.,0.619929885993375,0.32790153890772,0.563031760731823,0.218254332360731,.,-0.943811406933519
3629,-0.0284582511308422,.,0.344069661701511,1.20259449049942,0.714233396376329,0.4992084268326,.,0.142804359479818,.,0.36610032637404,0.304755547925999,0.58119407559414,0.136408957725457,.,0.553663709458178
1374,.,.,-0.015442713411625,-2.28613014117998,-0.526238550797582,-1.30360095266027,.,.,.,0.307524274154194,0.366478190543922,0.593302285502351,0.22371069066975,.,-0.885991513959597
570,.,.,-2.352273151647,-0.644377373330854,-1.00334314586447,-1.84444376650813,.,.,.,0.346574975634091,0.254605900798935,0.320867562567598,0.22371069066975,.,-0.893722651119473
2653,-0.0284582511308422,.,-2.352273151647,0.792156298537134,-2.86405106662534,-0.462289908896932,.,0.163204982262649,.,0.946979510887517,0.451346824143567,0.357192192292232,0.278274273759932,.,-1.1292819374239
3402,.,.,0.793460130592929,0.313311741247805,-0.573949010304273,.,.,.,.,0.185490832029514,0.16973726719929,0.211893673393697,.,.,0.0211199093684682
1453,.,.,-1.18385793252931,-0.370751912022666,-0.239975793757449,-2.20500564240671,.,.,.,0.390507014798976,0.32790153890772,0.314813457613492,0.201885257433676,.,-0.517323050741318
3890,-0.747171216234196,.,-1.2737360263076,1.13418812517237,-1.38502682191798,-0.282008970947645,.,0.153004670871234,.,0.702912626638157,0.725241050760604,0.838493536143628,0.321925140232079,.,-0.382730642035916
849,1.16939669070808,.,0.433947755479795,1.6130326824617,1.52531120799004,0.61939571879879,.,0.163204982262649,.,0.834708744132812,0.864116996650932,0.902061638161737,0.742064730026487,.,1.27459291149417
3410,1.08953969458548,.,1.15297250570606,0.997375394518275,2.19325764108368,0.318927488883311,.,0.571217437919273,.,0.839590081817799,0.82554034501473,0.644762177612249,0.501984964429682,.,1.27067610857488
3912,.,.,.,-0.370751912022666,-1.48044774093136,.,.,.,.,.,0.0964416290905059,0.339029877429915,.,.,-0.487893468209936
4508,0.450683725604725,.,0.433947755479795,0.860562663864181,0.0939974227893726,0.318927488883311,.,0.280508563263929,.,0.722437977378106,0.883405322469034,0.880872270822368,0.256448840523859,.,0.459207437860331
370,0.450683725604725,.,1.42260678704092,0.450124471901898,1.52531120799004,0.318927488883311,-0.474999896695339,0.459014012613702,.,0.927454160147568,0.756102372069566,0.94746742531753,0.583830339064956,0.310802625923176,1.00448278265255
3909,.,.,0.793460130592929,-1.80728558389065,0.66652293686964,-0.161821678981453,.,.,.,0.527184469978618,0.339474534398581,0.56000470825477,0.147321674343494,.,-0.0871189120893318
2878,.,.,0.613703943036361,-0.575971008003807,-0.192265334250761,.,.,.,.,0.180609494344526,0.104156959417746,0.208866620916644,.,.,-0.0445757484446802
3193,-1.14645619684717,-0.0784181153401727,-0.554711276081327,-0.165532816041525,-0.0491339557306942,0.0785529049509282,-0.264198171103074,0.851726001183202,0.454715552189602,1.61084143604578,0.852544001160072,1.93428653283675,2.25893233993357,0.559444726661717,-0.31572265601828
1886,1.72839566356624,1.75590309532115,1.78211916215405,1.81825177844284,0.714233396376329,1.40061311657903,1.52544328276528,5.24296005518761,1.48745934868802,8.48864623419274,7.13282288753381,9.8530558128069,4.07589965683666,2.06905748114572,2.04819259830194
493,-1.94502615807312,.,-2.71178552676014,0.792156298537134,-0.812501307837717,-1.06322636872789,.,0.239707317698266,.,0.971386199312453,0.570934444215795,1.17752341357354,1.04762079533151,.,-1.06049355840662
2894,-0.347886235621222,.,0.433947755479795,-0.302345546695619,-0.812501307837717,-0.522383554880028,.,0.678320707529137,.,0.995792887737389,1.40033245439415,1.34098424733439,0.671132072009249,.,-0.481733308573482
2072,.,.,0.523825849258079,-0.370751912022666,0.66652293686964,0.138646550934026,.,.,.,0.27823624804427,0.254605900798935,0.278488827888859,0.19097254081564,.,0.107449128886236
733,1.16939669070808,0.724097414324157,-0.824345557416179,2.16028360507807,-1.19418498389123,0.799676656748077,0.159035190330879,1.77995433780202,2.05007350648194,3.46574975634091,1.81310262690151,3.94424937759981,1.94246355801051,2.03353718104021,0.00972245452237609
2892,1.24925368683067,-0.422353342339171,-0.195198900968193,1.81825177844284,1.42989028897666,0.0785529049509282,0.659960940320746,3.42730462751564,1.7109636031541,4.93015106183707,4.59833687503532,4.17127831337877,3.62302191718814,1.6960943300379,1.43333793554429
1126,0.610397717849914,0.265517111658826,1.33272869326263,1.06578175984532,0.905075234403085,0.198740196917121,2.37353991588261,1.8309558947591,0.909431104379204,2.2502966727791,1.85553694370133,1.89493485063506,1.16220431982089,0.87912742761127,1.26725846615042
1461,.,.,-0.105320807189908,-0.0287200853874305,-2.95947198563872,.,.,.,.,0.263592234989309,0.150448941381189,0.44194966164971,.,.,-0.983735734062889
900,-0.587457223989008,.,0.164313474144943,-0.370751912022666,-0.955632686357783,-1.78435012052504,0.904447477734455,1.13223456444713,.,0.795658042652914,1.13415355810435,1.21990214825228,0.774802879880596,0.444003751318823,-0.767947998926052
70,0.37082672948213,.,-0.914223651194463,-0.302345546695619,0.905075234403085,0.4992084268326,.,0.127503892392695,.,0.541828483033579,0.412770172507365,0.923251005501107,0.207341615742695,.,0.166941803163511
4357,0.37082672948213,-0.422353342339171,-1.18385793252931,-0.439158277349713,0.809654315389707,0.439114780849504,0.978880045791518,0.790524132834708,0.369938076357642,0.766370016542991,0.999135277377641,1.15330699375712,1.05307715364053,0.284162400844047,-0.0117564186607497
2905,-0.827028212356791,.,0.523825849258079,-1.19162829594723,-1.38502682191798,-0.402196262913836,0.0590673616994975,1.45864452897243,.,1.02508091384731,1.40804778472139,1.92217832292853,0.982144495623291,0.444003751318823,-1.21010166763442
4057,.,.,-0.285076994746477,-0.302345546695619,-0.00142349622400392,.,.,.,.,0.239185546564373,0.16973726719929,0.169514938714957,.,.,-0.110556844966425
697,0.610397717849914,.,0.523825849258079,0.792156298537134,0.857364774896396,1.8813622844438,-1.94680885192587,0.749722887269046,.,0.658980587473272,0.698237394615262,0.717411437061516,0.638393922155139,0.230881950685788,0.825908170898183
1387,-0.268029239498629,.,1.33272869326263,-1.80728558389065,-0.717080388824338,1.64098770051142,-0.273977632599623,1.19853658849133,.,1.62060411141575,1.02228126835936,1.60736486531504,0.812997388043724,0.630485326872729,-0.413380575445194
567,.,.,.,0.586937202555992,0.714233396376329,.,.,.,.,.,0.154306606544809,0.208866620916644,.,.,0.219132372764711
2719,.,.,-0.285076994746477,0.108092645266664,-0.287686253264139,.,.,.,.,0.24406688424936,0.115729954908607,0.342056929906968,.,.,-0.113809694592717
2768,-0.667314220111601,.,-0.644589369859612,0.381718106574852,0.189418341802751,0.61939571879879,-0.187049085963636,0.239707317698266,.,0.497896443868695,0.547788453234073,0.417733241833288,0.169147107579567,0.532804501582588,0.00248235835605977
1292,-0.986742204601981,0.150872035992493,-0.195198900968193,-0.712783738657901,-0.66936992931765,-1.48388189060956,-1.18564076544452,0.974129737880189,0.277453557268232,1.96717908704984,1.68579967650204,1.56195907815925,1.14037888658482,0.763686452268376,-0.934244190923432
304,-0.427743231743817,0.494807262991492,-0.824345557416179,-0.98640919996609,-1.14647452438454,-0.282008970947645,-1.69362945984856,2.356271931417,1.27936918073685,2.92880261099232,4.05826375212849,4.4194966164971,3.1646878192306,1.21657027861358,-1.31912170687346
2823,.,.,0.433947755479795,0.450124471901898,-2.14839417402501,.,.,.,.,0.205016182769462,0.16587960203567,0.254272408072436,.,.,-0.332769541658863
3236,.,.,0.433947755479795,0.313311741247805,0.571102017856262,.,.,.,.,0.27823624804427,0.289324887271518,0.305732300182334,.,.,0.236472813607813
2357,.,.,.,-0.0971264507144785,-0.383107172277516,.,.,.,.,.,0.127302950399468,0.19373135853138,.,.,-0.0978699189493941
2297,-0.0284582511308422,.,-2.26239505786872,-0.439158277349713,-1.05105360537116,.,.,0.326409964525299,.,0.551591158403554,0.412770172507365,0.762817224217308,.,.,-0.974688084887743
