pid,x1,x2,x3,x4,x5,x6,x7,w1,w2,w3,w4,w5,w6,w7,group,Pred,StdErrPred,DF,tValue,Probt,Alpha,Lower,Upper
1403.0,,,-0.824345557416179,-0.439158277349713,-0.383107172277516,0.258833842900217,,,,0.190372169714501,0.16973726719929,0.520653026053083,0.207341615742695,,-0.267545276605962,-0.40248585250187346,0.4997014948987499,299.0,-0.8054525684047146,0.42119862854348267,0.05,-1.3858632499895893,0.5808915449858425
1174.0,1.48882467519846,,0.344069661701511,1.81825177844284,0.618812477362951,1.04005124068046,1.2478152369466,1.96866009854321,,3.20703885903659,3.47961397758545,2.75461775411806,2.69544100465503,0.941287952795905,1.52561796484385,1.8852063010532771,0.13211864092563955,299.0,14.26904097593866,1.3716181781501093e-35,0.05,1.6252061077390776,2.1452064943674767
2516.0,0.53054072172732,-1.2248688720035,0.344069661701511,-0.302345546695619,-0.62165946981096,0.0184592589678341,0.258459715545789,1.95335963145609,0.516371898249209,2.03063647695468,1.56621205642982,2.57299460549489,1.53323668483414,1.08336915321793,-0.292065688438637,-0.34057886199483006,0.19069652002980475,299.0,-1.7859731364872289,0.07511689420513179,0.05,-0.715856201549058,0.03469847755939792
257.0,,,,-0.0971264507144785,0.952785693909772,,,,,,0.100299294254126,0.220974830824855,,,0.174673533170262,-0.09756101428145464,0.6012491478938532,299.0,-0.16226387118086766,0.871207665192687,0.05,-1.2807770509222194,1.08565502235931
2134.0,,,,,,,,,,,,,,,,0.0,1.0,299.0,0.0,1.0,0.05,-1.967929669065667,1.967929669065667
2203.0,,,0.523825849258079,0.723749933210086,-0.430817631784206,0.559302072815694,,,,0.36610032637404,0.412770172507365,0.602383442933509,0.256448840523859,,0.147106885113643,0.6513143237877072,0.3477466178563967,299.0,1.8729566021449269,0.062049980687393425,0.05,-0.03302656280913652,1.3356552103845507
3698.0,0.21111273723694,,-2.26239505786872,0.723749933210086,-1.05105360537116,0.559302072815694,,0.30090918604676,,0.893284796352658,0.362620525380302,1.0201166847668,0.169147107579567,,-0.915839718259554,0.5220938652310947,0.3658059807287134,299.0,1.4272425622758926,0.15455346993202135,0.05,-0.197786577366604,1.2419743078287935
1685.0,,,0.523825849258079,-0.165532816041525,0.952785693909772,,,,,0.224541533509411,0.123445285235847,0.351138087338126,,,0.296084550230624,-0.13881759830681856,0.5583225094368567,299.0,-0.24863335430777234,0.8038150938998504,0.05,-1.2375570295348046,0.9599218329211676
2487.0,,,,,-1.05105360537116,,,,,,,0.11805504660506,,,-0.1359423637901,0.0,1.0,299.0,0.0,1.0,0.05,-1.967929669065667,1.967929669065667
775.0,-1.06659920072458,1.06803264132316,1.87199725593234,0.518530837228945,1.42989028897666,-1.42378824462646,-0.558668622832474,1.16793565431709,0.500957811734307,2.12826323065442,2.40718306209903,2.16736957356981,3.1919696107757,3.90723301160564,0.595281051046817,0.516646313194897,0.1557486290340251,299.0,3.317180487553631,0.001021578103932999,0.05,0.21014396520253664,0.8231486611872573
2842.0,,,2.14163153726719,0.244905375920757,-0.0968444152373831,-0.0416343870152616,,,,1.01531823847734,0.478350480288909,1.09579299669312,0.327381498541097,,0.591586812204404,0.27654240530235924,0.325178530028089,299.0,0.8504325463260796,0.39576514011355723,0.05,-0.36338607168307796,0.9164708822877965
4011.0,0.849968706217699,,0.164313474144943,1.06578175984532,-0.335396712770828,-0.34210261693074,0.603457385007355,0.443713545526578,,0.302642936469206,0.343332199562201,0.478274291374344,0.261905198832878,0.27528232581767,0.240185511689481,0.9507656821902212,0.3743884991347484,299.0,2.539516262886124,0.01160699005167698,0.05,0.21399544698598394,1.6875359173944584
1275.0,0.53054072172732,,-2.17251696409044,-0.439158277349713,-2.14839417402501,-0.522383554880028,,0.244807473393974,,0.781014029597952,0.474492815125289,1.09579299669312,0.611112130610048,,-1.56511037511143,-0.5189129163302657,0.32667293427202615,299.0,-1.588478450125158,0.11323502758454929,0.05,-1.1617822757649243,0.12395644310439302
1811.0,,,0.0744353803666589,0.792156298537134,1.95470534355024,,,,,0.356337651004066,0.196740923344632,0.348111034861073,,,0.624398999697068,0.6238927368781495,0.4710398566472812,299.0,1.3245009484310495,0.18634820127266716,0.05,-0.3030805723304738,1.5508660460867727
3465.0,,,,,,,,,,,,,,,,0.0,1.0,299.0,0.0,1.0,0.05,-1.967929669065667,1.967929669065667
3039.0,-1.62559817358274,1.29732279265582,2.0517534434889,1.40781358648056,1.76386350552348,0.318927488883311,1.01256485761296,1.74425324793207,1.333318483539,1.51321468234603,2.41875605758989,1.13817173137186,2.54811933031154,3.25898753468016,1.46643563979365,1.4219856294123359,0.15485918068494794,299.0,9.182443192084836,7.21859111727001e-18,0.05,1.117233653215226,1.7267376056094457
930.0,0.690254713972509,,1.5124848808192,1.88665814376989,1.7161530460168,0.0184592589678341,0.54641052627749,1.09143331888147,,2.53829559619335,1.85939460886495,2.20369420329445,0.867560971133907,0.85248720253214,1.96966479418843,1.9471567836428474,0.17500804000870163,299.0,11.126099026913462,2.7178745360948334e-24,0.05,1.6027532693846922,2.2915602979010026
1624.0,0.929825702340294,1.41196786832215,-2.26239505786872,0.997375394518275,-0.00142349622400392,-0.34210261693074,-1.84249459596268,3.73331396925811,2.11943689579899,3.34859765190122,2.3068837678449,2.3732091420094,2.43899216413117,1.04784885311242,-0.171333530885674,0.9511711299993647,0.15741121452248985,299.0,6.042588089322364,4.5038637412729606e-09,0.05,0.6413969306968965,1.260945329301833
1632.0,0.0513987449917504,,0.433947755479795,1.27100085582646,-1.00334314586447,,-0.0436169840142611,0.214206539219727,,0.527184469978618,0.486065810616149,0.826385326235417,,0.257522175764917,0.0162227284454433,1.1809868020972043,0.32302239206043193,299.0,3.6560524320439742,0.00030250997737735083,0.05,0.5453014529889184,1.8166721512054902
3133.0,,,,,,,,,,,,,,,,0.0,1.0,299.0,0.0,1.0,0.05,-1.967929669065667,1.967929669065667
2431.0,-1.22631319296977,,-1.72312649519902,-2.62816196781522,-0.860211767344405,-0.34210261693074,0.163381617662679,0.295809030351052,,1.12270766754706,0.709810390106123,0.826385326235417,0.327381498541097,0.230881950685788,-1.75452723505134,-2.6928209485567964,0.2835987810927466,299.0,-9.495178146326909,7.338103299025944e-19,0.05,-3.250923403980072,-2.134718493133521
3225.0,1.24925368683067,,-1.45349221386417,0.313311741247805,-0.192265334250761,0.739583010764983,,0.362111054395254,,0.605285872938413,0.690522064288022,0.75373606678615,0.201885257433676,,-0.137040655349359,0.25438531899253286,0.2762421905538519,299.0,0.9208778662032143,0.3578565818062184,0.05,-0.28923988364608383,0.7980105216311495
2442.0,,,,,,,,,,,,,,,,0.0,1.0,299.0,0.0,1.0,0.05,-1.967929669065667,1.967929669065667
3396.0,,,1.15297250570606,0.723749933210086,-0.573949010304273,,,,,0.390507014798976,0.227602244653594,0.478274291374344,,,0.141462159946699,0.6155646816936207,0.44463291496636226,299.0,1.3844334527959763,0.16725808771028616,0.05,-0.2594416235118354,1.4905709868990766
1905.0,-1.30617018909236,,1.24285059948435,0.586937202555992,0.523391558349573,0.679489364781885,-1.49423710600227,1.25463830114412,,2.0208738015847,2.3068837678449,1.60131076036094,1.26041876938322,0.248642100738541,0.651782606926625,0.5685603491473065,0.15860318753864844,299.0,3.5847977456869184,0.0003938105524803401,0.05,0.25644043078161416,0.8806802675129988
777.0,-0.268029239498629,,-0.644589369859612,-0.98640919996609,-2.29152555254507,0.379021134866407,0.0655870026971951,1.19343643279562,,1.61084143604578,1.40804778472139,1.56801318311336,1.42410951865377,0.381843226134188,-1.37068700572065,-1.0736724360649395,0.20351013077322458,299.0,-5.275768984991485,2.542569751478957e-07,0.05,-1.4741660603690019,-0.673178811760877
3491.0,,,,,,,,,,,,,,,,0.0,1.0,299.0,0.0,1.0,0.05,-1.967929669065667,1.967929669065667
3996.0,,,,,,,,,,,,,,,,0.0,1.0,299.0,0.0,1.0,0.05,-1.967929669065667,1.967929669065667
4549.0,,,,,,,,,,,,,,,,0.0,1.0,299.0,0.0,1.0,0.05,-1.967929669065667,1.967929669065667
1258.0,0.450683725604725,,-1.09397983875103,-0.0971264507144785,-1.24189544339792,0.559302072815694,-0.0702388514215321,0.489614946787948,,1.34236786337148,0.759960037233186,1.13211762641775,0.616568488919066,0.470643976397952,-0.754614552963273,-0.17081077482186557,0.26404635441651275,299.0,-0.6468969253497996,0.5181949444076772,0.05,-0.6904354296867493,0.34881388004301817
2211.0,-1.46588418133755,,-0.285076994746477,-1.39684739192837,-1.43273728142467,-0.0416343870152616,,0.183605605045481,,0.327049624894143,0.509211801597871,0.572112918162981,0.234623407287786,,-1.02628613016518,-1.4061098200221183,0.32138828486977605,299.0,-4.375112243409441,1.6786530224689213e-05,0.05,-2.038579361107479,-0.7736402789367576
4203.0,-0.747171216234196,,1.15297250570606,0.381718106574852,0.237128801309439,-0.76275813881241,,0.489614946787948,,0.73220065274808,0.574792109379415,0.502490711190766,0.240079765596804,,0.292867399839907,0.3368105980782654,0.2988557564302979,299.0,1.127000537320484,0.2606458860933285,0.05,-0.2513165117719802,0.924937707928511
1578.0,,,,,0.0462869632826837,,,,,,,0.0756763119263203,,,0.00448617332947073,0.0,1.0,299.0,0.0,1.0,0.05,-1.967929669065667,1.967929669065667
4317.0,-0.268029239498629,,2.0517534434889,1.6130326824617,1.00049615341646,0.4992084268326,,0.214206539219727,,1.61084143604578,0.682806733960782,1.01103552733564,0.240079765596804,,1.58176792462563,1.6208524644130733,0.2758213720464029,299.0,5.876457115659583,1.1171941042246567e-08,0.05,1.0780554030005574,2.1636495258255892
3145.0,,,0.793460130592929,-0.0287200853874305,-0.287686253264139,,,,,0.312405611839181,0.100299294254126,0.272434722934753,,,0.062992579250762,-0.014881164621002987,0.595660559382224,299.0,-0.024982625400675605,0.980085487000564,0.05,-1.1870992521215329,1.157336922879527
4023.0,,,,,0.332549720322817,,,,,,,0.108973889173901,,,0.0408996271868524,0.0,1.0,299.0,0.0,1.0,0.05,-1.967929669065667,1.967929669065667
816.0,-0.747171216234196,,1.15297250570606,0.518530837228945,0.475681098842884,1.9414559304269,1.5292464066806,0.851726001183202,,1.72311220280048,1.20744919621313,1.17449636109649,0.92212455422409,0.630485326872729,0.863635413488637,0.498470555774855,0.2130196327719511,299.0,2.3400216650851817,0.019940300317179527,0.05,0.07926290034945938,0.9176782112002506
2845.0,-1.14645619684717,,-0.015442713411625,0.450124471901898,-0.383107172277516,-1.18341366069408,0.142192784420159,0.622218994876351,,2.0599245030646,1.74366465395635,2.15223431118455,1.46776038512592,0.745926302215623,-0.23294992303802,0.40871761223173964,0.18045743990472704,299.0,2.2648975428639746,0.024234556245830263,0.05,0.05359006223959267,0.7638451622238867
4472.0,,,-0.914223651194463,-2.28613014117998,-1.76671049797149,-0.943039076761698,,,,0.551591158403554,0.316328543416859,0.417733241833288,0.245536123905823,,-1.26312036939184,-2.1350686087328494,0.3972545967840847,299.0,-5.374559856618347,1.5478164286339764e-07,0.05,-2.916837715916968,-1.3532995015487308
589.0,1.48882467519846,0.609452338657825,-1.45349221386417,-0.712783738657901,0.809654315389707,-0.76275813881241,1.81013427299813,1.39744266062394,0.308281730298035,1.25450378504171,1.29231782981278,1.69514938714957,0.971231779005255,1.12776952834981,-0.0499883769959837,-0.7609601023918302,0.2102810984892783,299.0,-3.61877557164573,0.0003474488583232258,0.05,-1.1747785149526007,-0.3471416898310598
1494.0,,,-2.71178552676014,0.0396862799396166,-2.72091968810527,0.61939571879879,,,,0.463727080073784,0.235317574980834,0.590275233025298,0.283730632068951,,-1.40840894487964,-0.09115347898103018,0.43884661978316525,299.0,-0.20771147565422574,0.83559565928388,0.05,-0.9547727622215012,0.7724658042594408
3907.0,,,-0.734467463637896,-2.01250467987179,-0.764790848331027,,,,,0.771251354227978,0.378051186034783,0.451030819080869,,,-0.960293692176225,-1.9280216313006409,0.3668968863968878,299.0,-5.254941382127236,2.820491978443814e-07,0.05,-2.6500488995288918,-1.20599436307239
3511.0,,,,,,,,,,,,,,,,0.0,1.0,299.0,0.0,1.0,0.05,-1.967929669065667,1.967929669065667
3735.0,,,,,-0.192265334250761,,,,,,,0.160433781283799,,,-0.0319648884092244,0.0,1.0,299.0,0.0,1.0,0.05,-1.967929669065667,1.967929669065667
2723.0,2.12768064417922,,-0.195198900968193,0.0396862799396166,0.714233396376329,-1.12332001471098,0.209019104646572,2.41747379976549,,3.42181771717603,3.54133662020338,3.85646485576528,2.2098251151524,0.985688327927787,0.318911269095852,0.02370134273702079,0.13270407193990405,299.0,0.1786029802292284,0.8583704085880134,0.05,-0.23745093763934105,0.28485362311338264
2217.0,-1.06659920072458,0.0362269603261602,-0.105320807189908,-0.644377373330854,-1.14647452438454,0.198740196917121,0.915313546063954,0.73952257587763,0.246625384238428,1.23985977198675,0.82554034501473,1.25622677797692,0.480159531193609,0.470643976397952,-0.769297095523112,-0.7084132486282033,0.25553597218792784,299.0,-2.7722642826475234,0.005916089321299803,0.05,-1.2112900698103655,-0.20553642744604106
3521.0,,,,,-0.00142349622400392,,,,,,,0.121082099082112,,,0.000591490222058679,0.0,1.0,299.0,0.0,1.0,0.05,-1.967929669065667,1.967929669065667
3988.0,,,0.703582036814646,-1.26003466127428,-0.144554874744071,,,,,0.312405611839181,0.339474534398581,0.457084924034974,,,-0.310508789552611,-1.1878173834003267,0.38215985580222284,299.0,-3.108168912474814,0.0020636040432424722,0.05,-1.939881101959378,-0.4357536648412753
937.0,0.131255741114345,,0.254191567923227,1.27100085582646,-0.430817631784206,-3.0,-0.955280116859159,0.561017126527858,,0.702912626638157,1.18044554006779,0.481301343851397,2.6572464964919,1.06560900316518,-0.734782804407451,1.2560689048919873,0.21589051678674312,299.0,5.818082811542545,1.5304661239456983e-08,0.05,0.8312115516374361,1.6809262581465385
1385.0,0.849968706217699,0.724097414324157,-0.015442713411625,-0.0971264507144785,0.809654315389707,-0.101728032998357,1.51783703493463,1.46884484036385,1.50287343520292,2.02575513926969,1.84782161337409,2.3156951449454,1.2822442026193,1.18993005353445,0.43693090637584,-0.12580840944692898,0.17666626618544778,299.0,-0.712124686638631,0.47694285075169485,0.05,-0.4734751961963243,0.2218583773024663
1490.0,0.131255741114345,-0.880933645004501,-1.09397983875103,0.0396862799396166,1.33446936996328,-0.642570846846219,-0.968319398854557,1.02003113914156,0.716755022942932,1.17152104439693,0.605653430688377,1.43179582164598,0.9548627040782,1.21657027861358,0.0619864316324276,-0.06467949452398482,0.2897169865320964,299.0,-0.22325061190990705,0.823492908154405,0.05,-0.6348221479527955,0.5054631589048258
896.0,-0.268029239498629,,0.523825849258079,-0.644377373330854,-0.573949010304273,-1.42378824462646,-0.225623628533355,0.657920084746306,,0.741963328118055,0.763817702396806,0.844547641097734,1.33680778570948,0.515044351529835,-0.681242955714668,-0.6798092561150917,0.2655724403777814,299.0,-2.5597884145962255,0.010965252519891777,0.05,-1.2024371408207006,-0.15718137140948285
1062.0,,,,0.450124471901898,-0.335396712770828,,,,,,0.115729954908607,0.166487886237905,,,-0.00481176413134937,0.29521917283366145,0.5738965929292451,299.0,0.5144117885886432,0.6073441245058653,0.05,-0.8341689593675017,1.4246073050348247
1239.0,,,-0.914223651194463,-0.0971264507144785,-0.192265334250761,,,,,0.273354910359283,0.189025593017391,0.296651142751175,,,-0.209509975200845,-0.13625953330390844,0.4787320060171275,299.0,-0.284625910929869,0.7761277861398567,0.05,-1.078370451476337,0.8058513848685203
2663.0,,,,,0.0939974227893726,,,,,,,0.136217361467376,,,0.0147924475744396,0.0,1.0,299.0,0.0,1.0,0.05,-1.967929669065667,1.967929669065667
1141.0,0.0513987449917504,,0.883338224371214,-0.370751912022666,-0.764790848331027,-0.0416343870152616,,0.168305137958357,,0.634573899048336,0.567076779052174,0.980765002565111,0.218254332360731,,-0.297471500448234,-0.3842106325167802,0.30308940265228435,299.0,-1.2676478595246738,0.20591003304534605,0.05,-0.9806692603756009,0.21224799534204042
556.0,,,,,-0.144554874744071,,,,,,,0.0877845218345315,,,-0.0137141272576626,0.0,1.0,299.0,0.0,1.0,0.05,-1.967929669065667,1.967929669065667
1035.0,,,,0.0396862799396166,0.523391558349573,,,,,,0.0964416290905059,0.151352623852641,,,0.0709230848399544,-0.0028723820918685567,0.6086518295704113,299.0,-0.0047192531958638725,0.9962377417735185,0.05,-1.2006563756345807,1.1949116114508436
2689.0,1.32911068295327,0.609452338657825,1.15297250570606,1.95506450909693,0.571102017856262,0.138646550934026,-0.631471280640112,1.53514686440805,0.516371898249209,1.77680691733534,1.82853328755599,2.07353094678117,1.98065806617364,1.03896877808605,1.38507582550787,2.012736917114514,0.1763981889992716,299.0,11.410190368353641,2.824098773502588e-25,0.05,1.6655976874133944,2.3598761468156333
951.0,,,0.523825849258079,-0.302345546695619,-0.66936992931765,,,,,0.600404535253426,0.281609556944277,0.481301343851397,,,-0.147458070075602,-0.2858490399181876,0.4079619500593366,299.0,-0.7006757367362615,0.4840502856500888,0.05,-1.088689465289842,0.5169913854534669
2086.0,0.690254713972509,-0.651643493671836,1.33272869326263,0.997375394518275,0.761943855883017,-0.402196262913836,1.75471732451769,0.984330049271605,0.462422595447053,0.829827406447824,1.16887254457693,0.856655851005945,1.04216443702249,0.630485326872729,0.861106330762279,0.9891002543222474,0.21605485600733984,299.0,4.578005200163821,6.893472364446792e-06,0.05,0.5639194930396927,1.414281015604802
2910.0,,,,,,,,,,,,,,,,0.0,1.0,299.0,0.0,1.0,0.05,-1.967929669065667,1.967929669065667
4318.0,-0.268029239498629,-3.0,0.164313474144943,-1.12322193062018,-1.57586865994474,-2.68575481027147,0.242703916468017,1.53004670871234,0.69363389317058,1.33748652568649,1.15729954908607,1.52563444843462,0.720239296790414,0.710406002110117,-1.43534881796741,-1.2112945438775835,0.22175579977707632,299.0,-5.462290253942658,9.902407152129068e-08,0.05,-1.6476943615462776,-0.7748947262088894
3040.0,0.53054072172732,-0.536998418005504,0.703582036814646,-0.439158277349713,-0.573949010304273,2.36211145230857,0.19652312606765,1.12713440875142,0.762997282487638,2.16731393213432,1.43890910603035,1.65579770494789,0.982144495623291,1.03008870305967,0.0808638035544196,-0.46903533485501175,0.19893114049496266,299.0,-2.3577773378667612,0.019028676408715972,0.05,-0.8605178283361193,-0.07755284137390417
2001.0,0.37082672948213,,-0.105320807189908,0.450124471901898,0.905075234403085,0.859770302731173,,0.357010898699546,,1.50345200697606,0.844828670832831,1.15027994128007,0.436508664721463,,0.479242388935423,0.40304100331273185,0.251001033079796,299.0,1.6057344400833629,0.10938785496343095,0.05,-0.09091137665113158,0.8969933832765953
1608.0,,,0.883338224371214,,0.66652293686964,,,,,0.195253507399488,,0.354165139815179,,,0.311736698083489,0.06515103159153751,0.983913573091267,299.0,0.06621621387623053,0.9472499408450383,0.05,-1.8711216806911775,2.0014237438742524
2047.0,0.21111273723694,0.265517111658826,0.613703943036361,0.381718106574852,-0.0968444152373831,-0.822851784795506,1.50805757343808,0.912927869531695,0.323695816812937,0.756607341173016,1.11486523228625,0.847574693574787,1.51141125159806,0.85248720253214,0.11296886978904,0.35084182647771633,0.221528546807114,299.0,1.5837319006258639,0.11431183437203651,0.05,-0.08511077332900563,0.7867944262844383
2000.0,2.92625060540516,0.724097414324157,0.523825849258079,0.928969029191227,1.57302166749673,1.34051947059594,1.98888109701837,3.31000104651436,1.39497482959861,5.74045311754495,4.74492815125289,4.54360576805627,2.84821903730754,1.33201125395647,1.70111652973518,0.9878533841225309,0.11498281794880785,299.0,8.591313047853276,4.842873360789838e-16,0.05,0.7615752852482957,1.2141314829967662
1101.0,,,-2.71178552676014,-0.781190103984948,-1.19418498389123,-0.642570846846219,0.602370778174406,,,1.2984358242066,0.578649774543035,1.37730887705903,0.327381498541097,0.27528232581767,-1.63086563203212,-0.909634759059707,0.30049806156650605,299.0,-3.0270902724555087,0.00268414372562382,0.05,-1.5009938099131557,-0.3182757082062584
3117.0,,,,,,,,,,,,,,,,0.0,1.0,299.0,0.0,1.0,0.05,-1.967929669065667,1.967929669065667
1850.0,-0.986742204601981,,-0.644589369859612,-0.712783738657901,-0.62165946981096,,,0.249907629089682,,0.263592234989309,0.246890570471695,0.56000470825477,,,-0.524373908802952,-0.6890057244834147,0.4307207803378511,299.0,-1.599657494915775,0.11073066986720714,0.05,-1.536633927193388,0.1586224782265585
1471.0,,,,-0.575971008003807,-0.0968444152373831,,,,,,0.142733611053949,0.202812515962538,,,-0.127605881618312,-0.4803077193436368,0.5347219587953135,299.0,-0.8982382553088568,0.36978128056208304,0.05,-1.5326029267578432,0.5719874880705696
2568.0,-0.427743231743817,,-0.464833182303043,0.723749933210086,1.09591707242984,0.4992084268326,-1.3008210897372,1.33114063657973,,1.54738404614094,1.30774849046726,1.51049918604935,1.14037888658482,0.346322926028682,0.481486573271794,0.6649151042203569,0.20515278514254442,299.0,3.2410727632011436,0.0013252376081110781,0.05,0.2611888516468896,1.0686413567938242
4337.0,,,0.254191567923227,,-0.955632686357783,,,,,0.20989752045445,,0.133190308990324,,,-0.0890004319653654,0.02255893629243866,0.9826771951549957,299.0,0.022956609152693812,0.9817001972857147,0.05,-1.9112806711673098,1.9563985437521874
2967.0,,,,,0.905075234403085,,,,,,,0.139244413944429,,,0.137633811544726,0.0,1.0,299.0,0.0,1.0,0.05,-1.967929669065667,1.967929669065667
2800.0,0.610397717849914,0.265517111658826,-0.824345557416179,1.27100085582646,-0.287686253264139,0.0785529049509282,-1.37742687146016,1.91255838589042,0.462422595447053,3.5487324969857,2.5923509899528,3.24802730787767,1.67510200086861,1.13664960337619,0.126654118842254,1.2563996346257162,0.149629873081637,299.0,8.396716569693496,1.8670456014923105e-15,0.05,0.9619385680098327,1.5508607012415998
3839.0,-0.188172243376034,-0.536998418005504,-1.36361412008588,-0.165532816041525,-1.38502682191798,-0.522383554880028,-2.17825610734418,0.989430204967312,1.76491290595625,1.68406150132058,1.60478870806602,1.92520537540559,0.654762997082194,0.630485326872729,-1.17162395635525,-0.26113118959493037,0.1884988360509119,299.0,-1.3853199047043512,0.16698724907570006,0.05,-0.6320836416438649,0.10982126245400409
3472.0,,,,,,,,,,,,,,,,0.0,1.0,299.0,0.0,1.0,0.05,-1.967929669065667,1.967929669065667
3736.0,,,-1.36361412008588,0.108092645266664,-1.86213141698487,,,,,0.346574975634091,0.219886914326353,0.420760294310341,,,-0.759457144516999,0.020333039380793443,0.45110615462326736,299.0,0.045073735244809926,0.964078624153781,0.05,-0.8674121462004587,0.9080782249620456
410.0,-0.827028212356791,-0.193063191006506,0.254191567923227,0.17649901059371,-0.907922226851094,-1.78435012052504,-0.419039644798423,0.382511677178085,0.269746514010781,0.317286949524168,0.578649774543035,0.678059754859829,1.08035894518562,1.40305185416748,-0.720395801023661,0.11354217717683376,0.299001813951895,299.0,0.3797374192355269,0.7044099139335629,0.05,-0.4748723636035531,0.7019567179572207
2058.0,1.08953969458548,0.380162187325159,-0.195198900968193,0.997375394518275,0.0462869632826837,2.18183051435928,0.240530702802116,2.16246601498011,0.924845190894106,1.15687703134197,2.05227786704596,1.61341897026915,2.05159072419087,1.30537102887734,1.01437571471466,1.0052508272095177,0.1664310664171742,299.0,6.040043177334258,4.567622389117037e-09,0.05,0.6777261937529221,1.3327754606661135
2683.0,1.08953969458548,,-0.015442713411625,-0.0287200853874305,-0.907922226851094,0.919863948714268,-2.57541090478734,0.499815258179364,,1.01043690079235,0.671233738469921,1.1351446788948,0.458334097957536,0.337442851002305,-0.322554183283536,-0.05564055943158284,0.2792778222480115,299.0,-0.19923013930612604,0.8422181377772514,0.05,-0.6052396717454923,0.4939585528823266
4116.0,,,,,,,,,,,,,,,,0.0,1.0,299.0,0.0,1.0,0.05,-1.967929669065667,1.967929669065667
4398.0,1.96796665193403,2.09983832232015,2.41126581860204,0.723749933210086,2.38409947911044,0.258833842900217,0.195979822651174,3.74861443634523,2.95179756760369,4.24188244825388,5.43930788070453,4.36500967191015,3.18651325246668,2.93042475870423,2.15131155812581,0.7993999950241613,0.10993107688015738,299.0,7.271829019701466,3.1219853055563247e-12,0.05,0.5830633672793608,1.0157366227689617
170.0,,,,,,,,,,,,,,,,0.0,1.0,299.0,0.0,1.0,0.05,-1.967929669065667,1.967929669065667
2585.0,-2.10474015031831,,0.523825849258079,-0.644377373330854,-0.62165946981096,-0.462289908896932,0.646921658325349,0.984330049271605,,2.12826323065442,1.86325227402857,1.74358222678242,1.38045865218163,0.364083076081435,-0.622954124839381,-0.7266195072037612,0.17876592871942204,299.0,-4.064642028874586,6.155271102651896e-05,0.05,-1.07841828214879,-0.3748207322587324
3279.0,,,-1.36361412008588,-1.94409831454475,-0.383107172277516,-1.60406918257575,,,,0.361218988689053,0.381908851198403,0.414706189356235,0.332837856850115,,-1.02369974581822,-1.881210083825227,0.3661858115088858,299.0,-5.137310143376699,5.03720275771492e-07,0.05,-2.601838006684451,-1.1605821609660028
1112.0,,,0.433947755479795,0.792156298537134,1.57302166749673,,,,,0.327049624894143,0.189025593017391,0.230055988256014,,,0.481282043928199,0.6284618860001806,0.4784275761139814,299.0,1.3135987919108885,0.18998830004870437,0.05,-0.313049935533696,1.5699737075340572
1344.0,,,0.0744353803666589,,-0.192265334250761,,,,,0.165965481289565,,0.24821830311833,,,-0.0354676783411283,0.007201099121158155,0.9862183378232305,299.0,0.0073017290847099195,0.9941789841353739,0.05,-1.933607228057804,1.9480094263001204
3278.0,0.290969733359537,,-2.26239505786872,-1.32844102660132,-0.526238550797582,0.318927488883311,,0.413112611352332,,0.253829559619335,0.385766516362023,0.420760294310341,0.534723114283792,,-0.664015440287311,-1.2986737752730888,0.3605322987074347,299.0,-3.602101059819161,0.000369519384216265,0.05,-2.008175982555895,-0.5891715679902827
4052.0,,,,,0.0462869632826837,,,,,,,0.187677253577274,,,0.0102658243775291,0.0,1.0,299.0,0.0,1.0,0.05,-1.967929669065667,1.967929669065667
938.0,-0.747171216234196,1.18267771698949,0.164313474144943,1.06578175984532,-0.287686253264139,-0.0416343870152616,0.183483844072251,1.54024702010375,2.56644540473114,1.78656959270532,2.52291301700763,2.40953377173404,1.75694737550389,1.47409245437849,0.441464959102744,1.0652857021228008,0.1514292983923529,299.0,7.034871807717477,1.3638198491512256e-11,0.05,0.7672834930506917,1.3632879111949099
1600.0,,,0.793460130592929,0.17649901059371,0.618812477362951,,,,,0.24406688424936,0.108014624581367,0.211893673393697,,,0.235124627850018,0.11858532208969459,0.582836989353778,299.0,0.20346224459977458,0.8389121515741376,0.05,-1.0283968814885154,1.2655675256679046
2002.0,0.929825702340294,,0.344069661701511,1.54462631713465,0.0939974227893726,0.198740196917121,-0.245725854942927,1.07103269609864,,1.40094391559133,0.960558625741438,0.802168906418995,1.16766067812991,0.666005626978235,0.765901272037985,1.5243989931490167,0.23601061425060169,299.0,6.459027268707388,4.2615049336071637e-10,0.05,1.0599467031508454,1.988851283147188
4046.0,,,,-1.46525375725542,,,,,,,0.108014624581367,,,,-0.227661734771422,-1.0716298074260702,0.592133487613816,299.0,-1.8097774063489165,0.0713343033917252,0.05,-2.236906865748626,0.09364725089648585
1738.0,-1.62559817358274,-1.45415902333617,-0.734467463637896,-0.165532816041525,-1.48044774093136,0.379021134866407,-0.183245962048312,1.15773534292567,0.793825455517441,1.07877562838217,1.86325227402857,1.95244884769906,1.14583524489384,1.16328982845532,-1.02812573022394,-0.26351731723544497,0.1769583374117617,299.0,-1.489148921094746,0.13750215211399364,0.05,-0.6117588796165838,0.08472424514569388
2309.0,-0.268029239498629,0.380162187325159,1.24285059948435,0.928969029191227,-1.19418498389123,0.138646550934026,-0.870524783889073,1.55044733149517,0.362231033100192,1.45463863012619,1.97126689860994,1.92823242788264,2.15526153206222,1.66945410495877,0.110982221183543,0.9259719728909946,0.1698261661914702,299.0,5.452469390653318,1.0412964849423805e-07,0.05,0.5917660218591237,1.2601779239228654
559.0,,,-0.464833182303043,0.0396862799396166,0.0462869632826837,,,,,0.15620280591959,0.127302950399468,0.136217361467376,,,-0.0484561496177227,-0.010538538903228352,0.5532644617283371,299.0,-0.019047923067943166,0.9848155796149245,0.05,-1.0993240879780692,1.0782470101716124
135.0,,,,0.65534356788304,1.38217982946997,,,,,,0.150448941381189,0.38746271706276,,,0.523913527899056,0.48077664082352733,0.5240449899251808,299.0,0.9174339037038958,0.3596547280317727,0.05,-0.5505070427754545,1.5120603244225093
3441.0,-0.827028212356791,,0.344069661701511,-0.0971264507144785,-0.239975793757449,1.52080040854523,,0.178505449349773,,0.668743262843247,0.744529376578705,1.44390403155419,0.31646878192306,,-0.0691912537889679,-0.13919989232183375,0.2679931271173704,299.0,-0.5194159037551351,0.6038550188423146,0.05,-0.6665915182817936,0.3881917336381262
1460.0,,,,0.586937202555992,0.284839260816128,,,,,,0.173594932362911,0.481301343851397,,,0.1869401451186,0.44312976788924374,0.4970279831395406,299.0,0.8915589924940606,0.3733462514844136,0.05,-0.5349863464869283,1.4212458822654157
1736.0,0.690254713972509,-3.0,-3.0,-1.26003466127428,-0.335396712770828,-0.101728032998357,-0.724376164857322,0.775223665747585,0.485543725219406,1.50833334466105,1.77452597526531,1.87677253577274,1.04762079533151,0.85248720253214,-1.48435995810613,-1.4077588816058797,0.18641938437967256,299.0,-7.55156920129484,5.253785972668869e-13,0.05,-1.7746191190155942,-1.0408986441961652
183.0,0.690254713972509,,0.164313474144943,-0.233939181368572,-0.0968444152373831,,,0.351910743003838,,0.297761598784219,0.231459909817214,0.314813457613492,,,-0.00643012574965819,-0.21752422282115136,0.4399350933627263,299.0,-0.4944461719533766,0.6213541932338957,0.05,-1.0832855455128345,0.6482370998705319
1610.0,,,1.24285059948435,-0.50756464267676,-0.955632686357783,1.16023853264665,,,,0.585760522198464,0.405054842180125,1.04130605210617,0.229167048978768,,-0.301199999566894,-0.4833112865469803,0.35164724381515877,299.0,-1.3744208010941497,0.1703403346827438,0.05,-1.1753283306959996,0.20870575760203902
2543.0,0.690254713972509,,0.703582036814646,0.17649901059371,-0.00142349622400392,1.8813622844438,0.611063632838004,0.958829270793066,,1.87931500872007,1.72823399330186,1.92823242788264,1.21131154460206,0.825846977453011,0.508843050063806,0.15913932131105896,0.18179722441645674,299.0,0.8753671670283942,0.38207679980723386,0.05,-0.1986248303718755,0.5169034729939934
3050.0,,,-1.18385793252931,-1.94409831454475,0.380260179829506,0.559302072815694,,,,0.839590081817799,0.563219113888554,0.632653967704037,0.283730632068951,,-0.820458324167864,-1.9612967483972692,0.30962644933881467,299.0,-6.334396666000206,8.733489270641091e-10,0.05,-2.5706198243785803,-1.3519736724159581
4323.0,-0.747171216234196,,0.973216318149497,-0.849596469311996,-1.48044774093136,-0.34210261693074,-0.515204349514483,0.73952257587763,,1.08365696606716,0.729098715924224,0.708330279630358,0.321925140232079,0.319682700949553,-0.576125865369904,-0.8688868514932209,0.2712965519052497,299.0,-3.202719848045395,0.0015081841981614715,0.05,-1.4027793851027754,-0.3349943178836663
3124.0,,,-0.374955088524761,0.586937202555992,0.571102017856262,,,,,0.341693637949104,0.266178896289796,0.302705247705281,,,0.173265045215628,0.4724279558122942,0.4181500719084322,299.0,1.1298047939012383,0.2594640233192821,0.05,-0.3504619768182516,1.29531788844284
52.0,-1.30617018909236,,-0.105320807189908,0.0396862799396166,-2.00526279550494,-0.76275813881241,,0.173405293654065,,0.429557716278874,0.339474534398581,0.629626915226984,0.174603465888585,,-0.817637318296333,-0.021295726662867956,0.377053824683515,299.0,-0.05647927502324847,0.9549977282595571,0.05,-0.7633111350922416,0.7207196817665057
2383.0,,,,,,,,,,,,,,,,0.0,1.0,299.0,0.0,1.0,0.05,-1.967929669065667,1.967929669065667
3721.0,0.450683725604725,,-0.285076994746477,-0.849596469311996,-0.0968444152373831,-0.462289908896932,0.00636693030143141,0.453913856917994,,1.13247034291703,0.756102372069566,1.06249541944554,0.556548547519865,0.488404126450705,-0.428211172789688,-0.8855779505686463,0.26726808258419577,299.0,-3.3134444712068016,0.0010348288760209773,0.05,-1.4115427398803782,-0.35961316125691456
3588.0,-0.587457223989008,-3.0,-1.54337030764245,-0.918002834639043,-0.478528091290893,-0.282008970947645,0.223688296891395,0.790524132834708,0.724462066200383,0.761488678858003,1.08400391097729,1.5589320256822,0.88938640436998,0.461763901371576,-1.08232932997782,-1.040240524631733,0.22828067644507366,299.0,-4.55684879171989,7.575129912475374e-06,0.05,-1.4894808406823734,-0.5910002085810926
360.0,-0.906885208479386,-0.766288569338169,1.5124848808192,1.27100085582646,0.952785693909772,1.64098770051142,-0.992768052595927,0.637519461963474,0.470129638704504,1.54250270845596,2.11785817482751,1.51655329100346,1.18402975305697,0.719286077136493,1.31965140241323,1.289451744539715,0.16466987366618355,299.0,7.8305261055441955,8.51073050618073e-14,0.05,0.9653930145507371,1.6135104745286926
4505.0,0.290969733359537,0.265517111658826,0.254191567923227,-0.644377373330854,0.141707882296062,0.859770302731173,-1.04057875324572,1.03023145053297,0.354523989842741,1.29355448652161,1.22287985686761,1.00498142238153,0.703870221863359,0.346322926028682,-0.124372966532102,-0.6894702045410107,0.2150837253832369,299.0,-3.20558983861987,0.0014937237335463816,0.05,-1.1127398490558549,-0.26620056002616654
4292.0,,,,,-1.52815820043805,,,,,,,0.0787033644033731,,,-0.135873951521121,0.0,1.0,299.0,0.0,1.0,0.05,-1.967929669065667,1.967929669065667
168.0,,,-0.015442713411625,,-0.00142349622400392,,,,,0.141558792864629,,0.139244413944429,,,-0.00091935862549696,0.0015571927337876524,0.9882066258177634,299.0,0.001575776455150804,0.9987437636186512,0.05,-1.943163945380263,1.9462783308478382
4070.0,,,,,,,,,,,,,,,,0.0,1.0,299.0,0.0,1.0,0.05,-1.967929669065667,1.967929669065667
4536.0,0.690254713972509,,0.433947755479795,0.723749933210086,2.24096810059037,0.379021134866407,,0.387611832873792,,0.517421794608643,0.582507439706655,0.590275233025298,0.212797974051713,,0.979717297771763,0.6756660424668518,0.29756624850004126,299.0,2.270640725797093,0.02387991908553322,0.05,0.09007659353105357,1.26125549140265
892.0,-1.54574117746014,,-0.914223651194463,-1.94409831454475,-2.57778830958521,-0.462289908896932,,0.142804359479818,,0.69803128895317,0.366478190543922,0.796114801464889,0.261905198832878,,-1.71967829534653,-1.87095637081367,0.37051794754827133,299.0,-5.049570157650516,7.71215318735028e-07,0.05,-2.6001096327152298,-1.1418031089121103
3729.0,,,,0.65534356788304,-1.57586865994474,,,,,,0.15816427170843,0.124109151559165,,,-0.0815590942724413,0.48726999937287974,0.5145842587336041,299.0,0.9469197533792716,0.3444443070461053,0.05,-0.5253956306231433,1.4999356293689028
1760.0,0.929825702340294,0.150872035992493,0.164313474144943,0.381718106574852,0.905075234403085,2.00154957640999,-0.204978098707309,2.12676492511015,0.840067715062146,1.93789106093992,2.40332539693541,2.21580241320266,1.27133148600126,1.17216990348169,0.805336838120399,0.36791808132200127,0.15574257087277074,299.0,2.3623475537883665,0.018800038832618604,0.05,0.06142765536491335,0.6744085072790892
1743.0,,,-0.285076994746477,0.0396862799396166,0.0939974227893726,,,,,0.205016182769462,0.246890570471695,0.420760294310341,,,-0.0130334188134831,-0.007053482031392061,0.4319169032622121,299.0,-0.016330645960178983,0.9869815003591619,0.05,-0.8570355705320648,0.8429286064692806
2096.0,,,-0.195198900968193,1.13418812517237,1.09591707242984,,,,,0.24406688424936,0.262321231126176,0.284542932842964,,,0.45287762739187,0.9608805671173918,0.42190919108312774,299.0,2.277458247948127,0.023464821832099414,0.05,0.13059295233340895,1.7911681819013747
2588.0,-0.347886235621222,,0.164313474144943,1.40781358648056,-1.52815820043805,0.198740196917121,0.102531635017489,1.570847954278,,2.88975190951242,3.2597270632591,2.11288262898286,2.16071789037124,0.630485326872729,0.319003367294031,1.4279315350752269,0.1352358036389448,299.0,10.558827593375689,2.329587175272069e-22,0.05,1.1617969847742087,1.694066085376245
1563.0,,,0.613703943036361,,0.618812477362951,,,,,0.141558792864629,,0.287569985320017,,,0.222012574884168,0.033825571201009916,0.9882268917686624,299.0,0.034228547596464584,0.9727177407566354,0.05,-1.9109354488790866,1.9785865912811063
127.0,-0.427743231743817,0.724097414324157,1.69224106837577,-0.302345546695619,1.33446936996328,0.318927488883311,-1.25681351300273,1.05063207331581,0.315988773555486,2.27958469888902,1.2768871691583,1.74358222678242,0.714782938481395,0.515044351529835,0.903844011747302,-0.29879231831401776,0.20978710319403035,299.0,-1.424264474626294,0.1554127325791671,0.05,-0.7116385828768907,0.11405394624885529
4410.0,,,,,,,,,,,,,,,,0.0,1.0,299.0,0.0,1.0,0.05,-1.967929669065667,1.967929669065667
4242.0,-1.38602718521496,,0.254191567923227,0.313311741247805,0.141707882296062,0.679489364781885,-1.10142873589091,0.387611832873792,,1.17152104439693,1.00685060770488,0.8082230113731,0.562004905828883,0.222001875659411,0.15816243542333,0.2646496049205919,0.23248595360443355,299.0,1.138346643388545,0.25588703893371023,0.05,-0.19286640081859702,0.7221656106597809
2444.0,,,,,,,,,,,,,,,,0.0,1.0,299.0,0.0,1.0,0.05,-1.967929669065667,1.967929669065667
452.0,-1.22631319296977,,-0.374955088524761,-1.12322193062018,-0.0491339557306942,-0.282008970947645,-0.318528512750565,0.311109497438176,,0.912810147092607,0.455204489307188,0.802168906418995,0.709326580172377,0.248642100738541,-0.517337075949687,-1.1297112124339703,0.333853480843908,299.0,-3.383853328646775,0.0008101052164876014,0.05,-1.7867113825075431,-0.4727110423603975
1054.0,,,,,-0.0968444152373831,,,,,,,0.0908115743115843,,,-0.00928566435657703,0.0,1.0,299.0,0.0,1.0,0.05,-1.967929669065667,1.967929669065667
3807.0,0.53054072172732,,-0.195198900968193,0.381718106574852,1.47760074848335,-0.0416343870152616,,0.13770420378411,,0.370981664059027,0.378051186034783,0.375354507154548,0.185516182506622,,0.397258192584816,0.31397390808933634,0.3605409774206667,299.0,0.8708411186310245,0.38453954845759386,0.05,-0.39554537829072833,1.023493194469401
3267.0,,,-1.09397983875103,-1.46525375725542,0.141707882296062,,,,,0.180609494344526,0.131160615563088,0.251245355595383,,,-0.298746912350781,-1.1513354210542248,0.552043034874225,299.0,-2.0855899781736036,0.03786348874382939,0.05,-2.237717287984265,-0.0649535541241848
2201.0,,,,,,,,,,,,,,,,0.0,1.0,299.0,0.0,1.0,0.05,-1.967929669065667,1.967929669065667
2565.0,1.96796665193403,1.75590309532115,0.613703943036361,0.518530837228945,0.952785693909772,1.70108134649451,0.656701119821897,3.09579450729463,2.08860872276919,3.10941210533685,4.57133321888998,4.11981842126888,3.59574012564305,3.08138603415263,1.33155485391002,0.5477760474443759,0.11761419960687777,299.0,4.657397229886377,4.824196663597091e-06,0.05,0.31631957453458964,0.7792325203541621
72.0,,,,,,,,,,,,,,,,0.0,1.0,299.0,0.0,1.0,0.05,-1.967929669065667,1.967929669065667
2088.0,,,-0.105320807189908,0.108092645266664,0.618812477362951,,,,,0.15620280591959,0.173594932362911,0.24821830311833,,,0.11829737951526,0.05120277788493539,0.4952612087115714,299.0,0.10338539943021197,0.9177264072005866,0.05,-0.9234364486758895,1.0258420044457603
188.0,-0.986742204601981,-1.68344917466883,-3.0,-1.26003466127428,-0.239975793757449,-2.38528658035599,-0.61788869522824,0.999630516358728,2.25816367443311,1.23497843430176,2.16415015679095,1.77082569907589,2.04067800757284,2.12233793130397,-1.96761428537849,-1.4322755614287275,0.17168460746638728,299.0,-8.342480916404465,2.710691960341071e-15,0.05,-1.7701387941837239,-1.094412328673731
4491.0,,,-0.554711276081327,-0.50756464267676,-0.0968444152373831,,,,,0.126914779809667,0.104156959417746,0.151352623852641,,,-0.131563235389946,-0.39212566855040076,0.5924977019416454,299.0,-0.6618180412605564,0.5085975618592028,0.05,-1.5581194750545913,0.7738681379537896
2784.0,-0.827028212356791,0.265517111658826,1.15297250570606,0.723749933210086,0.857364774896396,-1.48388189060956,-2.24345251732117,1.06593254040293,0.339109903327839,1.54250270845596,1.82853328755599,1.81925853870874,2.83184996238049,1.79377515532804,0.156919841109513,0.7086116534100938,0.17610841517588305,299.0,4.023723981062398,7.263293247174095e-05,0.05,0.3620426782133392,1.0551806286068484
2974.0,,,0.164313474144943,0.313311741247805,0.475681098842884,,,,,0.146440130549616,0.15816427170843,0.202812515962538,,,0.132603480259332,0.21629049205561288,0.5125985565573626,299.0,0.4219490852807518,0.6733654005447351,0.05,-0.7924674157138564,1.225048399825082
385.0,-3.0,0.724097414324157,-0.824345557416179,-2.49134923716112,-2.62549876909189,-2.74584845625457,-0.290820038510345,1.64225013401791,1.21000579141979,1.57179073456588,2.23358812973612,1.90401600806622,2.00793985771873,1.3941717791411,-3.03347161776175,-2.6897153964413993,0.17988364983727115,299.0,-14.95252847534841,3.9393994727580314e-38,0.05,-3.0437137679359845,-2.335717024946814
634.0,,,,,,,,,,,,,,,,0.0,1.0,299.0,0.0,1.0,0.05,-1.967929669065667,1.967929669065667
4546.0,,,,,,,,,,,,,,,,0.0,1.0,299.0,0.0,1.0,0.05,-1.967929669065667,1.967929669065667
541.0,,,,,,,,,,,,,,,,0.0,1.0,299.0,0.0,1.0,0.05,-1.967929669065667,1.967929669065667
3216.0,-0.747171216234196,0.609452338657825,1.24285059948435,-0.712783738657901,1.00049615341646,,-0.453811063452818,1.02003113914156,0.308281730298035,0.932335497832556,0.771533032724047,0.668978597428671,,0.568324801688094,0.114727718087457,-0.738879901511546,0.26363672407420646,299.0,-2.802644070571791,0.005399629394052638,0.05,-1.2576984326724556,-0.22006137035063633
4193.0,1.96796665193403,1.29732279265582,-0.285076994746477,0.723749933210086,-1.00334314586447,0.859770302731173,-0.511944529015633,1.88705760741188,1.32561144028155,2.97273465015721,3.15557010384135,2.3732091420094,2.29167048978768,1.50073267945762,0.297037432575785,0.7372474107410306,0.13733020485274164,299.0,5.368428682761936,1.5965636917030587e-07,0.05,0.46699122615245453,1.0075035953296068
192.0,-1.30617018909236,,-2.17251696409044,-2.01250467987179,-1.81442095747818,-0.34210261693074,,0.13770420378411,,1.11294499217708,0.258463565962556,0.520653026053083,0.218254332360731,,-1.73467047265412,-1.9243731073549495,0.42252612169733395,299.0,-4.5544476626072985,7.656467019345777e-06,0.05,-2.7558747981983833,-1.0928714165115154
87.0,,,0.883338224371214,0.381718106574852,-0.192265334250761,,,,,0.400269690168951,0.239175240144455,0.339029877429915,,,0.182589913371195,0.31783753059206127,0.43588255439075924,299.0,0.7291815820348865,0.4664613867670079,0.05,-0.5399486804216431,1.1756237416057655
878.0,,,1.06309441192778,0.313311741247805,0.141707882296062,,,,,0.263592234989309,0.173594932362911,0.208866620916644,,,0.217428893659561,0.2438128981916331,0.4941140451316543,299.0,0.49343446233484484,0.6220678647315901,0.05,-0.7285687911250014,1.2161945875082676
2226.0,,,,,,,,,,,,,,,,0.0,1.0,299.0,0.0,1.0,0.05,-1.967929669065667,1.967929669065667
4082.0,0.0513987449917504,,0.0744353803666589,0.0396862799396166,-0.00142349622400392,-0.161821678981453,,0.168305137958357,,0.136677455179642,0.181310262690151,0.336002824952862,0.15823439096153,,-0.0169886674877969,-0.004805308571595399,0.48555596355291414,299.0,-0.00989650819327592,0.9921104575842222,0.05,-0.9603452952391428,0.9507346780959519
610.0,0.53054072172732,,0.523825849258079,-0.165532816041525,1.33446936996328,-0.161821678981453,-1.94517894167644,0.499815258179364,,0.649217912103298,0.570934444215795,0.92627805797816,0.562004905828883,0.603845101793599,0.423516477478415,-0.1840998986656135,0.3007828485965517,299.0,-0.612069137334861,0.5409571665869171,0.05,-0.776019390364854,0.407819593033627
746.0,0.690254713972509,,0.973216318149497,1.54462631713465,-0.383107172277516,-1.00313272274479,0.623559611416927,0.443713545526578,,0.82006473107785,0.783106028214908,0.750709014309097,0.458334097957536,0.3019225508968,0.61242980823813,1.5177867786344337,0.26032865210437495,299.0,5.830271721400453,1.4333915228857634e-08,0.05,1.0054783004503598,2.0300952568185076
2671.0,0.849968706217699,,-0.554711276081327,-0.439158277349713,-0.192265334250761,-0.221915324964549,-2.69004792566354,0.90272755814028,,1.80121360576028,1.82853328755599,1.8858536932039,1.36408957725457,0.284162400844047,-0.456327346490755,-0.5022706502119736,0.1794400415237771,299.0,-2.7991001670907387,0.005457693190128883,0.05,-0.8553960317449898,-0.1491452686789574
3592.0,-1.06659920072458,,-2.26239505786872,-0.712783738657901,0.284839260816128,-0.34210261693074,0.416561009739987,0.224406850611143,,0.761488678858003,0.82554034501473,1.09882004917017,0.747521088335505,0.737046227189246,-0.639056571809761,-0.8052536598970904,0.2573799126361234,299.0,-3.128657755959128,0.0019292747544734804,0.05,-1.3117592261952469,-0.29874809359893384
3712.0,,,0.164313474144943,0.313311741247805,0.714233396376329,1.04005124068046,,,,0.346574975634091,0.428200833161846,0.357192192292232,0.272817915450914,,0.328629084409855,0.258836198747619,0.34250339758197396,299.0,0.7557186310412285,0.45041284435398676,0.05,-0.41518639910974153,0.9328587966049795
3468.0,,,,,,,0.569229269769436,,,,,,,0.364083076081435,0.0606457908439662,0.0,1.0,299.0,0.0,1.0,0.05,-1.967929669065667,1.967929669065667
84.0,,,,,,,,,,,,,,,,0.0,1.0,299.0,0.0,1.0,0.05,-1.967929669065667,1.967929669065667
3071.0,0.610397717849914,-1.2248688720035,0.344069661701511,2.09187723975103,1.95470534355024,0.739583010764983,0.69690557264104,1.59124857706083,0.300574687040584,3.25097089820148,2.03298954122786,2.16131546861571,1.55506211807021,0.719286077136493,1.73677455230574,2.119934835616987,0.1683609656774156,299.0,12.591605346804926,1.8564623128185367e-29,0.05,1.7886122961478543,2.4512573750861195
3584.0,,,-0.374955088524761,0.0396862799396166,0.237128801309439,,,,,0.161084143604578,0.181310262690151,0.263353565503594,,,0.00600631068601445,-0.008097463977010846,0.48726650364816193,299.0,-0.01661814205652384,0.9867523345833079,0.05,-0.9670036732481228,0.9508087452941011
2499.0,,,,-0.98640919996609,0.857364774896396,,,,,,0.127302950399468,0.24821830311833,,,0.0368197946868917,-0.771791299805687,0.5579985924727712,299.0,-1.3831420190246237,0.16765325435311906,0.05,-1.8698932852297356,0.32631068561836163
2110.0,,,,,-0.955632686357783,,,,,,,0.102919784219796,,,-0.108888730341579,0.0,1.0,299.0,0.0,1.0,0.05,-1.967929669065667,1.967929669065667
710.0,-2.50402513093128,-0.307708266672838,-0.015442713411625,1.20259449049942,1.33446936996328,-1.96463105847432,-1.06774392406946,1.05063207331581,0.4393014656747,1.26426646041169,0.906551313450755,0.787033644033731,1.33135142740046,1.33201125395647,-0.157198961120538,1.0734526931823412,0.24391348194414364,299.0,4.400956784455902,1.5014109602709786e-05,0.05,0.593448115379348,1.5534572709853343
393.0,0.929825702340294,,0.344069661701511,-0.233939181368572,-2.00526279550494,1.04005124068046,,0.178505449349773,,0.263592234989309,0.351047529889441,0.596329337979404,0.185516182506622,,-0.643344806604388,-0.2431605837226233,0.37298294064372284,299.0,-0.6519348667876282,0.5149440089370512,0.05,-0.977164778670764,0.49084361122551745
715.0,0.450683725604725,0.724097414324157,2.23150963104547,1.27100085582646,1.2867589104566,0.739583010764983,1.29453933076344,0.69362117461626,0.43159442241725,1.97206042473483,1.95583623795546,1.48325571375588,0.682044788627285,1.6605740299324,1.7787704680716,1.321364416791917,0.17077694618149222,299.0,7.737369980768039,1.5703032818615838e-13,0.05,0.9852873976089278,1.6574414359749061
118.0,,,,,0.66652293686964,,,,,,,0.102919784219796,,,0.0770881922481745,0.0,1.0,299.0,0.0,1.0,0.05,-1.967929669065667,1.967929669065667
3116.0,,,,,,,,,,,,,,,,0.0,1.0,299.0,0.0,1.0,0.05,-1.967929669065667,1.967929669065667
3341.0,-1.14645619684717,0.265517111658826,0.433947755479795,0.381718106574852,-0.955632686357783,-0.943039076761698,0.268782480458812,0.69362117461626,0.26203947075333,0.673624600528234,0.837113340505591,0.626599862749932,1.09127166180366,0.905767652690399,-0.319273997486431,0.3183278485220245,0.252522933206768,299.0,1.2605898580362793,0.20843947798914542,0.05,-0.17861952385506197,0.815275220899111
3763.0,,,,,-0.383107172277516,,,,,,,0.0908115743115843,,,-0.0385033015509409,0.0,1.0,299.0,0.0,1.0,0.05,-1.967929669065667,1.967929669065667
1919.0,,,-0.015442713411625,,0.0939974227893726,,,,,0.248948221934347,,0.142271466421482,,,0.011198661938458,0.002690619323968434,0.9795432652559936,299.0,0.0027468100893586036,0.9978101971008226,0.05,-1.9249816345067619,1.9303628731546987
1830.0,1.08953969458548,,-2.352273151647,-0.98640919996609,0.427970639336195,-1.06322636872789,,0.3927119885695,,1.13735168060202,0.574792109379415,0.611464600364668,0.289186990377969,,-0.981744671940626,-1.0626214594783756,0.30113431332248636,299.0,-3.528729249597035,0.00048322387813395674,0.05,-1.655232609039413,-0.47001030991733816
2569.0,-0.667314220111601,0.83874248999049,-0.374955088524761,-0.233939181368572,0.0939974227893726,0.318927488883311,0.316049877692129,0.433513234135163,0.339109903327839,1.15687703134197,2.31845676333576,1.79201506641526,0.812997388043724,0.399603376186941,-0.199422011505827,-0.2970022205177412,0.16116144802842952,299.0,-1.8428862742989802,0.06633538212662649,0.05,-0.6141566156024723,0.020152174566989756
3617.0,,,-1.72312649519902,-3.0,-0.62165946981096,-0.402196262913836,,,,0.175728156659539,0.185167927853771,0.363246297246337,0.174603465888585,,-0.87070114388454,-2.530542478494194,0.49919217447760805,299.0,-5.069275136659229,7.012066150874775e-07,0.05,-3.5129175692140837,-1.5481673877743043
3477.0,,,-0.285076994746477,0.997375394518275,-1.00334314586447,,,,,0.292880261099232,0.250748235635315,0.354165139815179,,,-0.0928831978631144,0.8293177363956591,0.42915304290942047,299.0,1.9324521871576237,0.05424807645026941,0.05,-0.015225269315600642,1.673860742106919
1430.0,,,,,,,,,,,,,,,,0.0,1.0,299.0,0.0,1.0,0.05,-1.967929669065667,1.967929669065667
4197.0,,,-0.464833182303043,-0.50756464267676,-1.43273728142467,1.40061311657903,,,,0.473489755443759,0.374193520871163,0.56000470825477,0.501984964429682,,-0.472365252729239,-0.522422448084578,0.36357016035426876,299.0,-1.4369233370954344,0.1517853434751426,0.05,-1.2379029534327057,0.19305805726354952
2861.0,0.849968706217699,0.953387565656822,-1.99276077653387,-0.712783738657901,0.380260179829506,-1.78435012052504,-0.590723524404494,6.08958590067511,3.59148215797211,2.92880261099232,5.07282969016061,3.65062528732569,4.93800426966155,4.59987886366301,-0.794839018748484,-0.7873388556648367,0.1189266727526035,299.0,-6.620372347443821,1.6585995486321466e-10,0.05,-1.0213781834179487,-0.5532995279117249
2009.0,,,-0.285076994746477,-0.0971264507144785,0.475681098842884,-1.06322636872789,,,,0.356337651004066,0.16973726719929,0.254272408072436,0.22371069066975,,-0.0774953233113588,-0.12052328872237375,0.497472424081954,299.0,-0.24227129562968228,0.8087360450331462,0.05,-1.0995140316152687,0.8584674541705212
2654.0,,,,,0.475681098842884,,,,,,,0.0817304168804259,,,0.0445337149972933,0.0,1.0,299.0,0.0,1.0,0.05,-1.967929669065667,1.967929669065667
1264.0,-0.188172243376034,0.265517111658826,0.703582036814646,-0.918002834639043,-1.09876406487785,-0.8829454307786,0.013429874715605,0.953729115097358,0.254332427495879,1.75240022891041,1.28074483432192,1.06552247192259,0.851191896206852,0.399603376186941,-0.616735129033768,-0.9618852859637848,0.2120079297708435,299.0,-4.537025039598629,8.272298720976818e-06,0.05,-1.379101981037018,-0.5446685908905515
3142.0,,,-1.18385793252931,-0.918002834639043,-1.28960590290461,,,,,0.200134845084475,0.208313918835493,0.287569985320017,,,-0.616068855146737,-0.8304643943102977,0.4637226780565671,299.0,-1.7908643109513693,0.07432651366281451,0.05,-1.7430380106764027,0.08210922205580717
4040.0,,,,,-0.239975793757449,,,,,,,0.127136204036218,,,-0.0325771882735833,0.0,1.0,299.0,0.0,1.0,0.05,-1.967929669065667,1.967929669065667
2953.0,,,,,,,,,,,,,,,,0.0,1.0,299.0,0.0,1.0,0.05,-1.967929669065667,1.967929669065667
814.0,0.0513987449917504,-1.68344917466883,1.33272869326263,0.17649901059371,0.952785693909772,0.679489364781885,-0.133805351149096,3.10599481868605,1.7572058626988,4.33462786426864,4.75264348158013,3.86251896071939,2.6572464964919,1.82041538040717,0.703986899587269,0.15028046329711459,0.11615753264162047,299.0,1.2937642516975048,0.19674536241468432,0.05,-0.07830939147379398,0.3788703180680232
1522.0,-0.268029239498629,,-0.374955088524761,-0.575971008003807,-0.00142349622400392,-1.60406918257575,,0.260107940481098,,0.449083067018823,0.424343167998226,0.65687038752046,0.256448840523859,,-0.36625464555705,-0.5955640863510581,0.3438953258367775,299.0,-1.7318179155297089,0.08433735498958461,0.05,-1.2723259011182573,0.08119772841614115
540.0,0.929825702340294,0.953387565656822,0.344069661701511,0.313311741247805,0.189418341802751,1.28042582461284,-0.756974369845816,1.16793565431709,0.762997282487638,1.47416398086614,1.72437632813824,1.45903929393945,1.34772050232752,0.932407877769528,0.508877234803573,0.3002638260140372,0.1814829888731357,299.0,1.654501217323098,0.09907502676613211,0.05,-0.05688193222012078,0.6574095842481953
473.0,1.48882467519846,0.953387565656822,1.06309441192778,0.381718106574852,0.475681098842884,0.0184592589678341,0.395915479913941,1.23423767836129,0.562614157793915,1.4497572924412,1.73209165846549,2.52456176586204,1.7296655839588,1.17216990348169,0.705160012995865,0.391277210147244,0.18120771750104375,299.0,2.1592745361134535,0.031623948834490934,0.05,0.03467316661327008,0.7478812536812178
1302.0,0.0513987449917504,,-0.554711276081327,0.792156298537134,0.523391558349573,0.439114780849504,,0.183605605045481,,0.898166134037645,0.563219113888554,0.790060696510783,0.441965023030481,,0.271170188489946,0.7067271223673461,0.30196812505727233,299.0,2.3404030549029167,0.019920322989119832,0.05,0.11247508995500832,1.300979154779684
3662.0,-1.38602718521496,,-0.914223651194463,0.244905375920757,-1.52815820043805,0.198740196917121,-0.169120073219965,0.744622731573338,,1.54738404614094,0.748387041742325,1.54985086825104,0.409226873176371,0.541684576608964,-1.04821000046298,0.12706941276436373,0.2649527093550005,299.0,0.4795928038392242,0.6318675730261863,0.05,-0.3943388848746742,0.6484777104034016
4336.0,,,0.164313474144943,0.17649901059371,0.141707882296062,,,,,0.15620280591959,0.231459909817214,0.257299460549489,,,0.0596613241347178,0.11706791519353932,0.4434053220925153,299.0,0.2640200948447647,0.7919463132457206,0.05,-0.7555225735739398,0.9896584039610185
1909.0,0.690254713972509,,-0.464833182303043,1.95506450909693,0.66652293686964,0.198740196917121,0.350277992930048,0.836425534096079,,2.05504316537961,2.31845676333576,1.80412327632347,1.05307715364053,0.4528838263452,1.13900296184123,1.9902431425359224,0.15906589008990787,299.0,12.512067429484656,3.5843431564153185e-29,0.05,1.6772126580916542,2.3032736269801903
885.0,,,0.793460130592929,-2.21772377585294,-0.335396712770828,,,,,0.390507014798976,0.293182552435138,0.408652084402129,,,-0.501500027490615,-2.009890469795753,0.411283983030579,299.0,-4.886867840040144,1.6735167726322783e-06,0.05,-2.8192684224131295,-1.2005125171783764
4207.0,,,-0.285076994746477,0.792156298537134,-0.335396712770828,0.318927488883311,,,,0.317286949524168,0.297040217598758,0.526707131007189,0.196428899124658,,0.0316088025303478,0.6697590710642463,0.4000593538857429,299.0,1.6741492595009533,0.09514693171966049,0.05,-0.11752960083474828,1.457047742963241
2882.0,1.48882467519846,0.265517111658826,-0.374955088524761,0.450124471901898,-0.860211767344405,0.198740196917121,-0.569534691161973,3.2691998009487,1.3487325700539,3.2802589243114,5.5087458536497,5.05517763667819,4.91617883642547,2.10457778125122,-0.0426747425353354,0.44321474798080296,0.10833197447068452,299.0,4.091264376435236,5.522854254294015e-05,0.05,0.2300250413114785,0.6564044546501274
1301.0,,,1.15297250570606,0.792156298537134,0.809654315389707,-0.221915324964549,,,,0.546709820718567,0.354905195053062,0.490382501282555,0.174603465888585,,0.638870799497128,0.7224441404223978,0.3701110170632081,299.0,1.9519660510376478,0.05187548506021433,0.05,-0.005908310904358727,1.4507965917491543
521.0,,,0.433947755479795,0.723749933210086,0.0462869632826837,,,,,0.287998923414245,0.223744579489974,0.217947778347802,,,0.207624207708856,0.5916126364585338,0.44852702646806847,299.0,1.3190122368259383,0.18817428908880363,0.05,-0.2910570063057798,1.4742822792228474
2615.0,0.690254713972509,,0.0744353803666589,1.06578175984532,2.52723085763051,-0.8829454307786,,0.923128180923111,,1.44487595475621,1.39647478923052,1.46206634641651,0.649306638773176,,1.3334571518186,1.0546299601440494,0.19910125452085856,299.0,5.296952862914094,2.2872298929643913e-07,0.05,0.6628126942242571,1.4464472260638417
524.0,2.84639360928257,,2.23150963104547,3.0,2.76578315516395,3.0,-2.67700864366815,1.10673378596859,,2.23077132203915,2.21044213875439,1.61039191779209,1.21131154460206,0.816966902426634,3.38439053521066,3.149369849381273,0.16676415795524147,299.0,18.885172257617526,6.533568410883228e-53,0.05,2.8211897152044,3.477549983558146
3436.0,1.16939669070808,0.380162187325159,-1.09397983875103,-0.233939181368572,0.857364774896396,1.04005124068046,0.984313079956267,1.4382439061896,0.755290239230187,1.50345200697606,2.3454604194811,2.84240227595259,1.56051847637923,0.515044351529835,0.312197198368445,-0.2882234597068269,0.15992661029678903,299.0,-1.8022232771140887,0.07251731048917387,0.05,-0.6029477809829809,0.026500861569327017
1611.0,,,0.164313474144943,-1.53366012258247,-1.05105360537116,-1.54397553659265,,,,0.229422871194398,0.227602244653594,0.390489769539813,0.180059824197603,,-0.682386575659784,-1.3529746060876886,0.4508760564818927,299.0,-3.000768363360684,0.002919836391260945,0.05,-2.2402669747097326,-0.4656822374656445
4166.0,0.290969733359537,,1.60236297459748,1.06578175984532,1.57302166749673,-0.822851784795506,,0.428413078439455,,1.78656959270532,0.678949068797161,0.699249122199199,0.245536123905823,,1.35451814626462,1.0733715446578216,0.2756228572956113,299.0,3.8943488039767615,0.00012150129329017595,0.05,0.5309651463131356,1.6157779430025077
3979.0,-0.906885208479386,0.494807262991492,-0.105320807189908,0.65534356788304,-0.144554874744071,0.979957594697364,-0.92105200162124,0.708921641703384,0.554907114536464,1.4888079939211,1.21902219170399,1.719365806966,0.676588430318267,0.683765777030987,0.108261019184367,0.6049542518957401,0.21201992920569765,299.0,2.8532895665144062,0.004628897066508658,0.05,0.18771394277864545,1.022194561012835
3585.0,-0.188172243376034,0.609452338657825,-1.00410174497275,-1.73887921856361,-0.478528091290893,0.138646550934026,-2.42654576867321,2.33587130863417,1.35643961331136,2.15266991907936,2.71193861002502,3.16629689099724,2.97917163672398,1.14552967840256,-1.24687146229974,-1.8723307547370074,0.16040189876790853,299.0,-11.672746826059411,3.418007958077142e-26,0.05,-2.1879904102968424,-1.5566710991771726
1391.0,0.849968706217699,-2.60060977999949,1.24285059948435,0.17649901059371,-0.812501307837717,-0.161821678981453,-0.338087435743661,0.688521018920553,0.292867643783134,0.522303132293631,0.694379729451642,0.892980480730579,0.627481205537103,0.310802625923176,-0.120244709946366,0.1437266741323338,0.2749586266187413,299.0,0.5227210940780038,0.601555458756665,0.05,-0.397372564956236,0.6848259132209036
3820.0,0.770111710095104,0.0362269603261602,1.42260678704092,1.33940722115351,1.90699488404355,0.739583010764983,-0.402740542304175,0.989430204967312,0.231211297723527,1.34236786337148,0.945127965086957,1.60131076036094,0.57291762244692,0.710406002110117,1.67234333474174,1.341867965605595,0.23743231096770695,299.0,5.651581118578683,3.707715682038027e-08,0.05,0.8746178764574188,1.809118054753771
3483.0,,,-0.464833182303043,0.0396862799396166,0.332549720322817,,,,,0.375863001744015,0.16587960203567,0.184650201100221,,,-0.0567950806175435,-0.017962851460934605,0.5013566438904533,299.0,-0.03582848991796646,0.9714430234264829,0.05,-1.0045974657561478,0.9686717628342786
2660.0,,,,-1.32844102660132,1.19133799144322,,,,,,0.150448941381189,0.242164198164225,,,0.0184535390432655,-1.0790639104673454,0.5277858406966657,299.0,-2.0445109119316367,0.04177867009416403,0.05,-2.1177093252870796,-0.04041849564761124
315.0,1.32911068295327,,2.23150963104547,1.74984541311579,2.05012626256362,1.40061311657903,-0.492385606022536,0.770123510051877,,0.756607341173016,1.20744919621313,2.16736957356981,0.60565577230103,0.905767652690399,2.17459734994965,1.7854794081661434,0.21374291542825724,299.0,8.353396904822509,2.5150097144335327e-15,0.05,1.3648483833422822,2.2061104329900045
1834.0,-2.42416813480869,,0.0744353803666589,-0.849596469311996,0.571102017856262,-1.72425647454194,0.631709162664051,1.44844421758101,,1.39118124022135,1.31932148595812,2.2642352528355,1.03670807871347,0.42624360126607,-0.546008105398566,-0.9713939537144405,0.20868493545599276,299.0,-4.654835058370981,4.880457039264599e-06,0.05,-1.3820712296853424,-0.5607166777435386
1498.0,,,,,-1.90984187649156,,,,,,,0.260326513026542,,,-0.495026800562482,0.0,1.0,299.0,0.0,1.0,0.05,-1.967929669065667,1.967929669065667
3268.0,-1.06659920072458,,-0.464833182303043,-0.50756464267676,-0.335396712770828,-0.822851784795506,,0.234607162002559,,0.561353833773528,0.412770172507365,0.584221128071192,0.343750573468152,,-0.479482683203297,-0.5416296901796299,0.3474288175557519,299.0,-1.5589659314680038,0.12006223420441442,0.05,-1.2253451681359966,0.14208578777673686
4498.0,-0.827028212356791,,,0.381718106574852,-3.0,,,0.173405293654065,,,0.131160615563088,0.239137145687172,,,-0.648599649634039,0.22927758172002258,0.5470855956332841,299.0,0.41908904849636947,0.6754519653961202,0.05,-0.8473483934451795,1.3059035568852246
1270.0,0.37082672948213,,0.973216318149497,0.313311741247805,0.809654315389707,1.34051947059594,0.989202810704541,0.851726001183202,,1.14223301828701,0.748387041742325,0.662924492474565,0.627481205537103,0.541684576608964,0.762288588572064,0.2976888844503225,0.26478632534306246,299.0,1.1242607943013327,0.26180416910459603,0.05,-0.22339198115516445,0.8187697500558094
1546.0,,,,,0.523391558349573,,,,,,,0.154379676329693,,,0.0877095747335372,0.0,1.0,299.0,0.0,1.0,0.05,-1.967929669065667,1.967929669065667
2744.0,-0.347886235621222,,-0.374955088524761,-0.370751912022666,-0.383107172277516,0.739583010764983,0.643661837826499,0.770123510051877,,0.917691484777594,0.81782501468749,0.938386267886371,0.551092189210847,0.257522175764917,-0.339609410759792,-0.43030576401239135,0.25634773321012044,299.0,-1.6786017907155932,0.0942744259578665,0.05,-0.9347800737943175,0.07416854576953485
3875.0,,,0.523825849258079,-0.849596469311996,-0.478528091290893,,,,,0.170846818974552,0.104156959417746,0.275461775411806,,,-0.163045625346704,-0.6075811664544521,0.5931176312379648,299.0,-1.0243856099612125,0.3064812246347155,0.05,-1.7747949502135925,0.5596326173046882
3230.0,,,0.254191567923227,,-0.00142349622400392,,,,,0.205016182769462,,0.19373135853138,,,0.0352832302243,0.022051951702663514,0.9830692679404625,299.0,0.022431737438870936,0.9821185262097601,0.05,-1.9125592274240382,1.9566631308293654
1984.0,-0.188172243376034,-0.193063191006506,-0.824345557416179,0.586937202555992,-0.00142349622400392,-0.221915324964549,-0.919422091371815,2.16756617067581,0.716755022942932,5.64282636384521,4.80665079387081,4.22576525796572,2.48264303060332,1.57177327966863,-0.104491800835549,0.5467593380864683,0.1142166581933065,299.0,4.787036731201704,2.665617147426732e-06,0.05,0.3219889877263282,0.7715296884466083
157.0,0.53054072172732,,1.15297250570606,-0.370751912022666,1.2867589104566,0.859770302731173,-0.28701691459502,0.632419306267767,,0.951860848572504,0.779248363051287,0.932332162932266,0.692957505245322,0.222001875659411,0.658037686010612,-0.3763362292563583,0.2624760073911568,299.0,-1.433792875001792,0.15267628768617325,0.05,-0.892870551619315,0.14019809310659842
2466.0,,,-0.914223651194463,,-1.19418498389123,,,,,0.131796117494654,,0.187677253577274,,,-0.303378381791084,-0.0415359441275551,0.9890228870500708,299.0,-0.04199694938450123,0.9665291602234631,0.05,-1.9878634269383715,1.9047915386832612
1904.0,0.770111710095104,,1.96187534971062,1.4762199518076,1.00049615341646,1.76117499247761,-0.204434795290835,0.306009341742468,,1.13735168060202,1.19201853555865,1.25925383045397,0.627481205537103,0.27528232581767,1.5728193837762,1.5036780483228667,0.2148705400060198,299.0,6.998065199076335,1.7097420372184044e-11,0.05,1.080827937636859,1.9265281590088743
2604.0,0.290969733359537,,-0.105320807189908,0.928969029191227,0.523391558349573,1.46070676256213,0.34158513826645,0.244807473393974,,1.42535060401626,1.04542725934108,1.21384804329818,0.425595948103426,0.328562775975929,0.583364537337028,0.893782576123492,0.22792302446137672,299.0,3.921422937571409,0.00010922073221762654,0.05,0.445246094022769,1.342319058224215
4124.0,-0.268029239498629,,1.06309441192778,0.108092645266664,1.14362753193653,-0.101728032998357,,0.132604048088403,,0.229422871194398,0.343332199562201,0.44194966164971,0.218254332360731,,0.399984740660524,0.06840079944753046,0.37631592202935316,299.0,0.18176429814254605,0.8558908646499279,0.05,-0.6721624684558358,0.8089640673508967
1168.0,0.53054072172732,0.380162187325159,1.87199725593234,0.792156298537134,0.427970639336195,1.58089405452832,0.293774437616658,2.44807473393974,1.07127901278567,2.82629451960759,2.69650794937054,3.21775678310714,2.07887251573597,0.888007502637646,1.22428170045928,0.8234144655269048,0.14714754797332957,299.0,5.595842247239813,4.964492662505163e-08,0.05,0.533838440139926,1.1129904909138837
2855.0,0.53054072172732,,-1.99276077653387,-0.233939181368572,-1.95755233599825,0.4992084268326,-0.688518139369978,1.07613285179434,,1.76704424196537,1.82467562239237,1.70725759705779,0.976688137314273,0.42624360126607,-1.26324921142932,-0.32047741062448964,0.17878206379450523,299.0,-1.7925590734473853,0.07405424994563203,0.05,-0.6723079382624872,0.03135311701350796
332.0,0.610397717849914,,-0.195198900968193,0.518530837228945,-0.335396712770828,0.799676656748077,,0.362111054395254,,0.497896443868695,0.516927131925111,0.696222069722146,0.398314156558335,,0.0955042943983708,0.45908880082313613,0.3138541781883173,299.0,1.4627455446767252,0.14458734849981436,0.05,-0.15855414819387598,1.0767317498401483
309.0,-0.188172243376034,,-0.105320807189908,1.33940722115351,0.714233396376329,-0.462289908896932,,0.158104826566942,,0.473489755443759,0.408912507343745,0.82941237871247,0.300099706996006,,0.536207807207163,1.2100750534586002,0.34888665596547946,299.0,3.468390185660557,0.0006005108685754867,0.05,0.523490652043027,1.8966594548741735
1604.0,,,0.254191567923227,0.17649901059371,0.905075234403085,,,,,0.200134845084475,0.119587620072227,0.293624090274123,,,0.257030759483158,0.10342081834570407,0.5643824923993594,299.0,0.18324597190467606,0.8547292209576577,0.05,-1.0072442331482236,1.214085869839632
1286.0,-0.347886235621222,,-0.285076994746477,-2.42294287183408,-0.0968444152373831,0.138646550934026,-0.806414980745033,0.469214324005117,,0.727319315063093,0.601795765524757,1.04736015706027,0.501984964429682,0.248642100738541,-0.852623133147051,-2.4095734385911007,0.30375823368491855,299.0,-7.932537035656114,4.328836910256659e-14,0.05,-3.007348278882634,-1.8117985982995675
2385.0,,,,,,,,,,,,,,,,0.0,1.0,299.0,0.0,1.0,0.05,-1.967929669065667,1.967929669065667
1601.0,,,0.433947755479795,0.0396862799396166,-0.239975793757449,,,,,0.20989752045445,0.181310262690151,0.493409553759608,,,-0.0477238725853477,0.005363504770047489,0.48680719606382583,299.0,0.011017718746590332,0.9912166577517736,0.05,-0.9526388194786226,0.9633658290187175
3658.0,,,0.344069661701511,0.65534356788304,-0.573949010304273,,,,,0.200134845084475,0.135018280726708,0.202812515962538,,,0.0213701563508093,0.47005310190339733,0.5419250264221092,299.0,0.8673766277353461,0.38643125187382976,0.05,-0.5964172360018667,1.5365234398086614
2685.0,0.37082672948213,,-0.734467463637896,-0.439158277349713,0.0939974227893726,,,0.311109497438176,,0.527184469978618,0.424343167998226,0.708330279630358,,,-0.229674942858626,-0.466126660777052,0.3431227911344624,299.0,-1.3584835307380878,0.1753343322064318,0.05,-1.1413681815831827,0.20911486002907853
1726.0,-1.62559817358274,-0.0784181153401727,-0.464833182303043,0.860562663864181,1.04820661292315,1.58089405452832,-0.859658715559575,1.35664141505827,0.500957811734307,1.22521575893179,2.75051526166123,1.67698707228726,2.44990488074921,2.5663416826228,0.719230906518909,0.8299834693722881,0.1463392063192314,299.0,5.671641183851457,3.336198215649985e-08,0.05,0.5419982035091506,1.1179687352354255
1296.0,-0.667314220111601,0.83874248999049,-2.71178552676014,-0.370751912022666,-0.335396712770828,1.40061311657903,0.751235914288531,1.79525480488914,1.24083396444959,2.28446603657401,3.61077459314854,2.22791062311087,3.56845833409796,2.6018619827283,-0.548828810980831,-0.4771159221025781,0.13370360343575177,299.0,-3.5684597111987735,0.0004181161168548581,0.05,-0.7402352101647842,-0.21399663404037195
1647.0,,,0.254191567923227,-1.19162829594723,-0.0968444152373831,0.61939571879879,,,,0.429557716278874,0.300897882762378,0.726492594492674,0.278274273759932,,-0.211660687695176,-1.1048707657121957,0.4007203297346655,299.0,-2.75721166042107,0.006188215548265509,0.05,-1.8934601915948208,-0.3162813398295705
3029.0,1.32911068295327,,-0.015442713411625,-0.0287200853874305,0.237128801309439,-0.582477200863123,0.994092541452816,0.428413078439455,,1.07877562838217,1.03771192901384,1.11395531155543,0.76389016326256,0.506164276503458,0.0648945255944249,-0.06228999453015205,0.23013258840262707,299.0,-0.27067002966643283,0.7868315764537454,0.05,-0.5151747430665592,0.39059475400625515
4090.0,,,-0.195198900968193,0.17649901059371,-1.05105360537116,,,,,0.195253507399488,0.138875945890328,0.281515880365911,,,-0.251277041322984,0.09787243874090723,0.5363264239125246,299.0,0.1824866991018707,0.8553244573423444,0.05,-0.95758024318044,1.1533251206622546
3338.0,,,,,,,,,,,,,,,,0.0,1.0,299.0,0.0,1.0,0.05,-1.967929669065667,1.967929669065667
948.0,-0.108315247253437,,1.15297250570606,-0.370751912022666,0.141707882296062,1.46070676256213,,0.372311365786669,,0.795658042652914,0.439773828652707,0.61449165284172,0.31646878192306,,0.308050554834013,-0.35459779975885874,0.33717831557154987,299.0,-1.0516625280536833,0.2938035971219144,0.05,-1.0181410107376978,0.3089454112199804
3091.0,0.37082672948213,-0.0784181153401727,0.0744353803666589,-0.0287200853874305,-0.192265334250761,1.10014488666356,0.446442697646107,0.566117282223565,0.238918340980977,0.966504861627466,1.21130686137675,1.29255140770155,0.927580912533108,0.559444726661717,0.0632353210858499,-0.07151359718639161,0.21447913808137814,299.0,-0.33342915225283015,0.7390440584365204,0.05,-0.49359345641236757,0.35056626203958435
2867.0,0.290969733359537,,-1.99276077653387,0.65534356788304,0.0462869632826837,0.799676656748077,0.66811049156787,0.744622731573338,,0.717556639693119,0.721383385596984,1.21990214825228,0.649306638773176,0.381843226134188,-0.0179022548492698,0.5662511897927721,0.26998566607287217,299.0,2.097337973638699,0.03680319549268696,0.05,0.03493838730551113,1.097563992280033
3047.0,0.610397717849914,,0.344069661701511,1.4762199518076,-0.860211767344405,0.439114780849504,,0.188705760741188,,1.62548544910074,0.833255675341971,0.889953428253526,0.207341615742695,,0.383242746460747,1.4393117954877204,0.25258151012435487,299.0,5.698405218889918,2.8965621119141405e-08,0.05,0.9422491478565923,1.9363744431188485
1207.0,,,0.254191567923227,-0.302345546695619,0.523391558349573,,,,,0.239185546564373,0.181310262690151,0.278488827888859,,,0.0758147772108141,-0.27652848574827543,0.48698185338272937,299.0,-0.5678414582133224,0.5705687686392924,0.05,-1.234874523316735,0.6818175518201843
3072.0,-0.268029239498629,,0.164313474144943,1.06578175984532,-1.33731636241129,-0.522383554880028,,0.183605605045481,,0.619929885993375,0.393481846689264,0.405625031925077,0.321925140232079,,-0.0590043619458522,0.9507908478190086,0.3536076566372829,299.0,2.688829922012388,0.007572572109697345,0.05,0.25491584911371445,1.6466658465243027
2850.0,-0.347886235621222,,1.24285059948435,-0.370751912022666,0.189418341802751,-0.221915324964549,1.0897139427524,0.749722887269046,,1.50833334466105,1.51220474413913,2.02509810714833,1.12400981165777,0.364083076081435,0.134090532314827,-0.40703280401940595,0.19515710458843988,299.0,-2.0856673646485144,0.03785641982121868,0.05,-0.7910882602679482,-0.022977347770863688
177.0,,,,,1.66844258651011,,,,,,,0.205839568439591,,,0.356984021931905,0.0,1.0,299.0,0.0,1.0,0.05,-1.967929669065667,1.967929669065667
264.0,0.290969733359537,0.83874248999049,1.42260678704092,0.928969029191227,0.523391558349573,0.258833842900217,1.72592224344452,0.724222108790507,0.585735287566267,0.473489755443759,0.605653430688377,0.405625031925077,0.229167048978768,0.719286077136493,0.834978391374307,0.8867050667013713,0.2909119917552061,299.0,3.0480182729885796,0.002509360858425733,0.05,0.3142107270393145,1.4591994063634282
1206.0,,,,-2.14931741052589,-0.907922226851094,,,,,,0.0964416290905059,0.202812515962538,,,-0.431616050823858,-1.4956994182599623,0.6193103550736221,299.0,-2.41510481135449,0.016330507433085395,0.05,-2.714458640368936,-0.2769401961509885
4362.0,-0.427743231743817,,-0.824345557416179,-0.370751912022666,0.237128801309439,-0.462289908896932,,0.295809030351052,,0.434439053963861,0.640372417160959,0.726492594492674,0.441965023030481,,-0.273882683489825,-0.42445755121895273,0.28724422769657776,299.0,-1.4776887063064548,0.1405436725914735,0.05,-0.989733989170902,0.14081888673299664
4120.0,-0.507600227866411,,-0.195198900968193,0.0396862799396166,-1.00334314586447,0.318927488883311,,0.173405293654065,,0.380744339429002,0.316328543416859,0.478274291374344,0.41468323148539,,-0.305732342284265,-0.015094656479349194,0.3884654706248893,299.0,-0.03885713820347478,0.9690302208130784,0.05,-0.7795673815296261,0.7493780685709278
1679.0,,,0.433947755479795,-1.39684739192837,-1.19418498389123,,,,,0.27823624804427,0.204456253671872,0.426814399264446,,,-0.569011059504172,-1.1979705082131458,0.46905659971913277,299.0,-2.5539998987978865,0.011145182385811525,0.05,-2.1210409072714858,-0.2749001091548058
4326.0,-0.747171216234196,,-0.105320807189908,-0.781190103984948,-1.95755233599825,-1.78435012052504,,0.127503892392695,,0.619929885993375,0.32790153890772,0.563031760731823,0.218254332360731,,-0.943811406933519,-0.7565729913174964,0.38359594807486486,299.0,-1.9723174739318132,0.049494622739526206,0.05,-1.511462838467396,-0.0016831441675968506
3629.0,-0.0284582511308422,,0.344069661701511,1.20259449049942,0.714233396376329,0.4992084268326,,0.142804359479818,,0.36610032637404,0.304755547925999,0.58119407559414,0.136408957725457,,0.553663709458178,1.0482863354930603,0.39520409702833226,299.0,2.6525188968825604,0.008415943199349163,0.05,0.27055246761469864,1.826020203371422
3645.0,,,,,-0.526238550797582,,,,,,,0.0968656792656899,,,-0.0564004236258179,0.0,1.0,299.0,0.0,1.0,0.05,-1.967929669065667,1.967929669065667
1374.0,,,-0.015442713411625,-2.28613014117998,-0.526238550797582,-1.30360095266027,,,,0.307524274154194,0.366478190543922,0.593302285502351,0.22371069066975,,-0.885991513959597,-2.1681574041223994,0.3752844861482858,299.0,-5.777370192877351,1.903523536233808e-08,0.05,-2.9066908787536745,-1.4296239294911244
570.0,,,-2.352273151647,-0.644377373330854,-1.00334314586447,-1.84444376650813,,,,0.346574975634091,0.254605900798935,0.320867562567598,0.22371069066975,,-0.893722651119473,-0.6561638383874109,0.42663599867132024,299.0,-1.5379945443678291,0.12510749592747217,0.05,-1.4957534780641626,0.18342580128934072
2653.0,-0.0284582511308422,,-2.352273151647,0.792156298537134,-2.86405106662534,-0.462289908896932,,0.163204982262649,,0.946979510887517,0.451346824143567,0.357192192292232,0.278274273759932,,-1.1292819374239,0.6139566140701194,0.3338972090778291,299.0,1.8387593468234422,0.06694220849295263,0.05,-0.0431296100923626,1.2710428382326013
3402.0,,,0.793460130592929,0.313311741247805,-0.573949010304273,,,,,0.185490832029514,0.16973726719929,0.211893673393697,,,0.0211199093684682,0.23124004929568995,0.49905491445518824,299.0,0.4633559205566219,0.6434463640192633,0.05,-0.7508649233537034,1.2133450219450832
1453.0,,,-1.18385793252931,-0.370751912022666,-0.239975793757449,-2.20500564240671,,,,0.390507014798976,0.32790153890772,0.314813457613492,0.201885257433676,,-0.517323050741318,-0.4029263171610199,0.3842199797267603,299.0,-1.0486865296478405,0.2951693317950146,0.05,-1.1590442147131206,0.3531915803910808
3890.0,-0.747171216234196,,-1.2737360263076,1.13418812517237,-1.38502682191798,-0.282008970947645,,0.153004670871234,,0.702912626638157,0.725241050760604,0.838493536143628,0.321925140232079,,-0.382730642035916,1.0549264608050037,0.2704389056193482,299.0,3.9007940014734714,0.0001184644171897646,0.05,0.5227217147670388,1.5871312068429688
849.0,1.16939669070808,,0.433947755479795,1.6130326824617,1.52531120799004,0.61939571879879,,0.163204982262649,,0.834708744132812,0.864116996650932,0.902061638161737,0.742064730026487,,1.27459291149417,1.5894847361394322,0.2495435745018503,299.0,6.369567877323352,7.139811137311264e-10,0.05,1.0984005321525423,2.080568940126322
3410.0,1.08953969458548,,1.15297250570606,0.997375394518275,2.19325764108368,0.318927488883311,,0.571217437919273,,0.839590081817799,0.82554034501473,0.644762177612249,0.501984964429682,,1.27067610857488,0.9868546208740993,0.2537078178855812,299.0,3.889728858568944,0.00012372337055763883,0.05,0.48757547878315494,1.4861337629650435
3240.0,,,,,-2.14839417402501,,,,,,,0.124109151559165,,,-0.291678784380854,0.0,1.0,299.0,0.0,1.0,0.05,-1.967929669065667,1.967929669065667
3912.0,,,,-0.370751912022666,-1.48044774093136,,,,,,0.0964416290905059,0.339029877429915,,,-0.487893468209936,-0.2827774513733004,0.6091537505006328,299.0,-0.4642135932691867,0.642832529101047,0.05,-1.4815491900061204,0.9159942872595197
4508.0,0.450683725604725,,0.433947755479795,0.860562663864181,0.0939974227893726,0.318927488883311,,0.280508563263929,,0.722437977378106,0.883405322469034,0.880872270822368,0.256448840523859,,0.459207437860331,0.830823726765435,0.2467209078166912,299.0,3.367463804010971,0.0008579292895451243,0.05,0.345294332294153,1.316353121236717
370.0,0.450683725604725,,1.42260678704092,0.450124471901898,1.52531120799004,0.318927488883311,-0.474999896695339,0.459014012613702,,0.927454160147568,0.756102372069566,0.94746742531753,0.583830339064956,0.310802625923176,1.00448278265255,0.4396428699749933,0.26443621065473155,299.0,1.6625668205063835,0.09744706733202657,0.05,-0.08074899454775158,0.9600347344977382
3909.0,,,0.793460130592929,-1.80728558389065,0.66652293686964,-0.161821678981453,,,,0.527184469978618,0.339474534398581,0.56000470825477,0.147321674343494,,-0.0871189120893318,-1.6719100400145737,0.3844540038536559,299.0,-4.348790813090331,1.8796757829660852e-05,0.05,-2.4284884805892695,-0.915331599439878
4096.0,,,,,,,,,,,,,,,,0.0,1.0,299.0,0.0,1.0,0.05,-1.967929669065667,1.967929669065667
2878.0,,,0.613703943036361,-0.575971008003807,-0.192265334250761,,,,,0.180609494344526,0.104156959417746,0.208866620916644,,,-0.0445757484446802,-0.4146069322351753,0.591960527447432,299.0,-0.7003962477413559,0.48422450955358,0.05,-1.5795436171147377,0.7503297526443871
3193.0,-1.14645619684717,-0.0784181153401727,-0.554711276081327,-0.165532816041525,-0.0491339557306942,0.0785529049509282,-0.264198171103074,0.851726001183202,0.454715552189602,1.61084143604578,0.852544001160072,1.93428653283675,2.25893233993357,0.559444726661717,-0.31572265601828,-0.25759022953668875,0.24990679886152517,299.0,-1.0307451846455007,0.30349336817887995,0.05,-0.7493892335175102,0.23420877444413268
1886.0,1.72839566356624,1.75590309532115,1.78211916215405,1.81825177844284,0.714233396376329,1.40061311657903,1.52544328276528,5.24296005518761,1.48745934868802,8.48864623419274,7.13282288753381,9.8530558128069,4.07589965683666,2.06905748114572,2.04819259830194,1.9414420108098092,0.09844681982097483,299.0,19.720718397408003,4.882636011618737e-56,0.05,1.7477055932589507,2.1351784283606676
493.0,-1.94502615807312,,-2.71178552676014,0.792156298537134,-0.812501307837717,-1.06322636872789,,0.239707317698266,,0.971386199312453,0.570934444215795,1.17752341357354,1.04762079533151,,-1.06049355840662,0.617783415950379,0.30160318401682834,299.0,2.048331876748055,0.04140052184464604,0.05,0.02424956183899052,1.2113172700617674
2894.0,-0.347886235621222,,0.433947755479795,-0.302345546695619,-0.812501307837717,-0.522383554880028,,0.678320707529137,,0.995792887737389,1.40033245439415,1.34098424733439,0.671132072009249,,-0.481733308573482,-0.3553639979640222,0.20182148566747668,299.0,-1.760783777746656,0.07929724517661663,0.05,-0.7525344874639608,0.041806491535916424
4538.0,,,,,,,,,,,,,,,,0.0,1.0,299.0,0.0,1.0,0.05,-1.967929669065667,1.967929669065667
2072.0,,,0.523825849258079,-0.370751912022666,0.66652293686964,0.138646550934026,,,,0.27823624804427,0.254605900798935,0.278488827888859,0.19097254081564,,0.107449128886236,-0.3533393174239961,0.42682965006048507,299.0,-0.8278228032516607,0.4084310919513252,0.05,-1.193310049414941,0.48663141456694864
733.0,1.16939669070808,0.724097414324157,-0.824345557416179,2.16028360507807,-1.19418498389123,0.799676656748077,0.159035190330879,1.77995433780202,2.05007350648194,3.46574975634091,1.81310262690151,3.94424937759981,1.94246355801051,2.03353718104021,0.00972245452237609,2.1450734203339445,0.1777576083347045,299.0,12.067407074328594,1.3847111560886383e-27,0.05,1.795258948989925,2.4948878916779638
2892.0,1.24925368683067,-0.422353342339171,-0.195198900968193,1.81825177844284,1.42989028897666,0.0785529049509282,0.659960940320746,3.42730462751564,1.7109636031541,4.93015106183707,4.59833687503532,4.17127831337877,3.62302191718814,1.6960943300379,1.43333793554429,1.868261059939704,0.11671043657644702,299.0,16.007660623529294,4.388857598816375e-42,0.05,1.638583129111307,2.097938990768101
1126.0,0.610397717849914,0.265517111658826,1.33272869326263,1.06578175984532,0.905075234403085,0.198740196917121,2.37353991588261,1.8309558947591,0.909431104379204,2.2502966727791,1.85553694370133,1.89493485063506,1.16220431982089,0.87912742761127,1.26725846615042,1.088771836685615,0.1739252071204284,299.0,6.260000230626336,1.333906106203632e-09,0.05,0.7464992613949327,1.431044411976297
1461.0,,,-0.105320807189908,-0.0287200853874305,-2.95947198563872,,,,,0.263592234989309,0.150448941381189,0.44194966164971,,,-0.983735734062889,-0.057980871204408105,0.520629603462343,299.0,-0.1113668351142884,0.9114001788719466,0.05,-1.0825433144518462,0.96658157204303
900.0,-0.587457223989008,,0.164313474144943,-0.370751912022666,-0.955632686357783,-1.78435012052504,0.904447477734455,1.13223456444713,,0.795658042652914,1.13415355810435,1.21990214825228,0.774802879880596,0.444003751318823,-0.767947998926052,-0.43552243356830617,0.22156852101339192,299.0,-1.9656331665542985,0.050266234690498623,0.05,-0.8715536998015598,0.0005088326649474451
70.0,0.37082672948213,,-0.914223651194463,-0.302345546695619,0.905075234403085,0.4992084268326,,0.127503892392695,,0.541828483033579,0.412770172507365,0.923251005501107,0.207341615742695,,0.166941803163511,-0.344546454762947,0.34754511963304735,299.0,-0.9913718688575847,0.3223056184939318,0.05,-1.0284908070277976,0.3393978975019035
4357.0,0.37082672948213,-0.422353342339171,-1.18385793252931,-0.439158277349713,0.809654315389707,0.439114780849504,0.978880045791518,0.790524132834708,0.369938076357642,0.766370016542991,0.999135277377641,1.15330699375712,1.05307715364053,0.284162400844047,-0.0117564186607497,-0.5041631599446958,0.23478079676134692,299.0,-2.1473781795585873,0.03256695458463499,0.05,-0.966195255618227,-0.04213106427116481
2403.0,,,,,0.571102017856262,,,,,,,0.166487886237905,,,0.102241173192473,0.0,1.0,299.0,0.0,1.0,0.05,-1.967929669065667,1.967929669065667
2905.0,-0.827028212356791,,0.523825849258079,-1.19162829594723,-1.38502682191798,-0.402196262913836,0.0590673616994975,1.45864452897243,,1.02508091384731,1.40804778472139,1.92217832292853,0.982144495623291,0.444003751318823,-1.21010166763442,-1.2789096240732287,0.20481536999189842,299.0,-6.244207278603245,1.458712395148946e-09,0.05,-1.6819718673609474,-0.8758473807855099
3184.0,,,,,-1.67128957895812,,,,,,,0.284542932842964,,,-0.465870005603326,0.0,1.0,299.0,0.0,1.0,0.05,-1.967929669065667,1.967929669065667
4057.0,,,-0.285076994746477,-0.302345546695619,-0.00142349622400392,,,,,0.239185546564373,0.16973726719929,0.169514938714957,,,-0.110556844966425,-0.2834033154104033,0.4989765800260757,299.0,-0.5679691728128665,0.5704821547435652,0.05,-1.2653541314126366,0.6985475005918301
697.0,0.610397717849914,,0.523825849258079,0.792156298537134,0.857364774896396,1.8813622844438,-1.94680885192587,0.749722887269046,,0.658980587473272,0.698237394615262,0.717411437061516,0.638393922155139,0.230881950685788,0.825908170898183,0.7539836290299213,0.2735106445787974,299.0,2.7566884286754014,0.006197875220045396,0.05,0.21573391675803122,1.2922333413018114
1387.0,-0.268029239498629,,1.33272869326263,-1.80728558389065,-0.717080388824338,1.64098770051142,-0.273977632599623,1.19853658849133,,1.62060411141575,1.02228126835936,1.60736486531504,0.812997388043724,0.630485326872729,-0.413380575445194,-1.8179843216547658,0.2396000281384882,299.0,-7.587579750215953,4.163518828760804e-13,0.05,-2.2895003257374653,-1.3464683175720662
567.0,,,,0.586937202555992,0.714233396376329,,,,,,0.154306606544809,0.208866620916644,,,0.219132372764711,0.4299252416274584,0.5191519368398336,299.0,0.8281299001685068,0.40825744733683655,0.05,-0.5917292576325555,1.4515797408874722
2719.0,,,-0.285076994746477,0.108092645266664,-0.287686253264139,,,,,0.24406688424936,0.115729954908607,0.342056929906968,,,-0.113809694592717,0.039009991172222036,0.5698915830221323,299.0,0.06845160085599483,0.945471899861966,0.05,-1.0824965632078318,1.1605165455522757
1412.0,,,,,,,,,,,,,,,,0.0,1.0,299.0,0.0,1.0,0.05,-1.967929669065667,1.967929669065667
2768.0,-0.667314220111601,,-0.644589369859612,0.381718106574852,0.189418341802751,0.61939571879879,-0.187049085963636,0.239707317698266,,0.497896443868695,0.547788453234073,0.417733241833288,0.169147107579567,0.532804501582588,0.00248235835605977,0.3084716512025349,0.3065028497957275,299.0,1.0064234358934003,0.31502568859762614,0.05,-0.29470440056365493,0.9116477029687247
1292.0,-0.986742204601981,0.150872035992493,-0.195198900968193,-0.712783738657901,-0.66936992931765,-1.48388189060956,-1.18564076544452,0.974129737880189,0.277453557268232,1.96717908704984,1.68579967650204,1.56195907815925,1.14037888658482,0.763686452268376,-0.934244190923432,-0.7977783278378446,0.1869036705632284,299.0,-4.2683930467163345,2.6464280784252744e-05,0.05,-1.165591606396497,-0.42996504927919216
304.0,-0.427743231743817,0.494807262991492,-0.824345557416179,-0.98640919996609,-1.14647452438454,-0.282008970947645,-1.69362945984856,2.356271931417,1.27936918073685,2.92880261099232,4.05826375212849,4.4194966164971,3.1646878192306,1.21657027861358,-1.31912170687346,-1.1017225316847945,0.13157185749222877,299.0,-8.373542432885902,2.189876093124676e-15,0.05,-1.3606466936578314,-0.8427983697117576
2823.0,,,0.433947755479795,0.450124471901898,-2.14839417402501,,,,,0.205016182769462,0.16587960203567,0.254272408072436,,,-0.332769541658863,0.33406473760088484,0.5031613961135524,299.0,0.6639315738075697,0.5072457325924651,0.05,-0.6561215021394772,1.3242509773412467
3236.0,,,0.433947755479795,0.313311741247805,0.571102017856262,,,,,0.27823624804427,0.289324887271518,0.305732300182334,,,0.236472813607813,0.24997577159129844,0.4044270084465101,299.0,0.6180986095649457,0.5369808563780137,0.05,-0.5459081373020598,1.0458596804846567
2357.0,,,,-0.0971264507144785,-0.383107172277516,,,,,,0.127302950399468,0.19373135853138,,,-0.0978699189493941,-0.10563992126939288,0.5556071568590413,299.0,-0.19013419817447375,0.8493329919724131,0.05,-1.199035729597522,0.9877558870587363
2297.0,-0.0284582511308422,,-2.26239505786872,-0.439158277349713,-1.05105360537116,,,0.326409964525299,,0.551591158403554,0.412770172507365,0.762817224217308,,,-0.974688084887743,-0.5086321303328613,0.34694285591575785,299.0,-1.4660400744967743,0.14368822343077858,0.05,-1.1913912699598561,0.1741270092941335
